missDate,classified,cloud,openWater,lightNSSed,OSSed,dNSSed,area_ha,extent
LANDSAT_5_1984-04-18,35.419489192993154,27.60639701397106,0.004908896359911152,4.051879946966432,1.6681443495040598,2.088158986191693,35.373876896241235,shoreline contamination
LANDSAT_5_1984-05-04,35.41948919299315,21.55539926162779,0.008191788660386029,7.119302908236639,2.7073405956313197,4.0292546388370285,35.373876896241235,shoreline contamination
LANDSAT_5_1984-05-20,35.419489192993154,18.58718420670334,0.035236588900697,10.556139292312915,2.224118543859145,4.016810561217064,35.373876896241235,shoreline contamination
LANDSAT_5_1984-06-05,25.93058622686647,9.593468058222749,0.01732958672736673,7.718651026845896,7.092398818048217,1.5087387370222505,35.373876896241235,shoreline contamination
LANDSAT_5_1984-06-21,35.41948919299315,8.755690869681564,0.06778397838876762,14.366189764500035,6.455249957914465,5.774574622508329,35.373876896241235,shoreline contamination
LANDSAT_5_1984-07-07,35.41948919299315,2.7451525173674947,2.511380843929514,10.564713232074817,8.50580056065219,11.092442038969155,35.373876896241235,shoreline contamination
LANDSAT_5_1984-07-23,25.216276118659515,8.701258924235024,2.9509061025869334,4.453825792391909,3.540972266771504,5.569313032674153,35.373876896241235,shoreline contamination
LANDSAT_5_1984-08-08,35.419489192993154,3.829401582761279,1.3433612119715075,14.002536633442002,8.607423999909047,7.636765764909333,35.373876896241235,shoreline contamination
LANDSAT_5_1984-11-12,35.41948919299315,21.575775525045934,0.0801959593075023,8.168106596291942,2.603573772386739,2.991837339961033,35.373876896241235,shoreline contamination
LANDSAT_5_1984-12-30,35.41948919299315,32.890296530515165,0.16503982055185357,0.6431590789483762,1.146702377654431,0.5742913853233188,35.373876896241235,shoreline contamination
LANDSAT_5_1985-01-31,35.41948919299315,35.255848122178,0.0,0.0089988330078125,0.14638104188687198,0.008261195920458028,35.373876896241235,shoreline contamination
LANDSAT_5_1985-03-20,25.13758715703986,23.375975979856,0.2618761467811734,0.6863472217227712,0.4196425442899816,0.3937452643899357,35.373876896241235,shoreline contamination
LANDSAT_5_1985-04-05,25.319193360715374,23.63006093133664,0.17255022922650506,0.28669999061016005,0.7064416217280369,0.523440587814032,35.373876896241235,shoreline contamination
LANDSAT_5_1985-04-21,35.41948919299314,33.98355151730764,0.032019128044577204,0.9591562330346203,0.3289429985638787,0.1158193160424326,35.373876896241235,shoreline contamination
LANDSAT_5_1985-05-07,25.403391865626908,1.3174502752685548,3.6917004570049214,8.527873140917013,5.928597879952225,5.937770112484203,35.373876896241235,shoreline contamination
LANDSAT_5_1985-06-08,25.81548428438313,25.81548428438313,0.0,0.0,0.0,0.0,35.373876896241235,shoreline contamination
LANDSAT_5_1985-06-24,25.804323742888798,1.4586424788914103,4.228092197227328,7.55470458226821,7.878214769909431,4.684669714592428,35.373876896241235,shoreline contamination
LANDSAT_5_1985-07-10,25.890712002276242,24.58763915345195,0.6025634529957491,0.35148829202091003,0.14868184919768693,0.20033925460994947,35.373876896241235,shoreline contamination
LANDSAT_5_1985-07-26,25.720089897405877,1.6132519652721928,4.91670987669941,5.263679300848269,9.088451539455036,4.837997215130975,35.373876896241235,shoreline contamination
LANDSAT_5_1985-08-27,35.419489192993154,1.5378007072083717,3.1036663590063953,12.335484342050593,10.033280814417221,8.409256970310592,35.373876896241235,shoreline contamination
LANDSAT_5_1985-09-12,35.41948919299315,0.9937023942033357,3.480045647099513,19.871173655316515,7.928092344039614,3.146475152334176,35.373876896241235,shoreline contamination
LANDSAT_5_1985-10-14,35.41948919299315,0.9709193360236674,1.9578074071332148,15.820356525955502,10.145032322598325,6.52537360128246,35.373876896241235,shoreline contamination
LANDSAT_5_1985-10-30,35.41948919299315,0.8661451156221278,5.022602525560566,15.548642217072132,6.687217427205403,7.294881907532938,35.373876896241235,shoreline contamination
LANDSAT_5_1985-11-15,35.41948919299315,0.9608363580082913,3.4701480242417277,19.135431184551162,7.486871868137733,4.366201758054247,35.373876896241235,shoreline contamination
LANDSAT_5_1986-03-07,35.41948919299315,35.291826868848595,0.0,0.07260657117656633,0.04788683903234144,0.007168913935642616,35.373876896241235,shoreline contamination
LANDSAT_5_1986-03-23,35.419489192993154,34.91682642719343,0.0,0.29427582374482997,0.15436059256759344,0.05402634948730469,35.373876896241235,shoreline contamination
LANDSAT_5_1986-05-10,35.41948919299315,35.41948919299315,0.0,0.0,0.0,0.0,35.373876896241235,shoreline contamination
LANDSAT_5_1986-05-26,35.41948919299315,8.755780456964237,1.6429231330446727,12.910855581760778,7.64118370081045,4.468746320413031,35.373876896241235,shoreline contamination
LANDSAT_5_1986-06-27,35.41948919299315,2.1986006990464153,1.8889647544424022,17.706532437014108,7.973769645680145,5.651621656810089,35.373876896241235,shoreline contamination
LANDSAT_5_1986-07-29,35.41948919299315,0.8682691173071768,1.5233710881323719,17.44984477898092,11.529830889832741,4.048173318739948,35.373876896241235,shoreline contamination
LANDSAT_5_1986-08-30,35.41948919299315,2.480925357895794,2.510664455803367,13.38392675917203,10.41993454908902,6.62403807103295,35.373876896241235,shoreline contamination
LANDSAT_5_1986-09-15,35.419489192993154,3.331858669900334,2.256275276046454,16.634156684472178,7.398710373252719,5.798488189321477,35.373876896241235,shoreline contamination
LANDSAT_5_1986-10-01,35.41948919299314,8.68437823180195,0.5976332020263672,14.166832917669566,7.000745184946095,4.9698996565491935,35.373876896241235,shoreline contamination
LANDSAT_5_1986-11-02,35.41948919299315,2.5833677373549517,3.3196288848326443,17.64495360521503,6.990415571028169,4.881123394562365,35.373876896241235,shoreline contamination
LANDSAT_5_1986-11-18,35.41948919299315,16.017062209214153,0.8628500862606272,6.573183135160559,6.360011569601621,5.606382192756199,35.373876896241235,shoreline contamination
LANDSAT_5_1986-12-04,35.41948919299315,35.41528908561196,0.0,0.0,0.0,0.004200107381184896,35.373876896241235,shoreline contamination
LANDSAT_5_1987-02-06,25.684065365545525,25.42893539105822,0.09102232840983072,0.059457202256146605,0.03488354881615732,0.06976689500517003,35.373876896241235,shoreline contamination
LANDSAT_5_1987-03-10,35.41948919299315,25.68565594510424,0.13627292164282706,3.0355753302001953,3.8240331214360266,2.7379518746098532,35.373876896241235,shoreline contamination
LANDSAT_5_1987-04-11,35.41948919299315,18.777699703101057,0.1314175808919271,6.4625680449553835,7.591250835633521,2.456553028411267,35.373876896241235,shoreline contamination
LANDSAT_5_1987-04-27,35.41948919299314,17.115998569802674,0.39232294628906245,9.91483424818331,5.458592502546722,2.5377409261713963,35.373876896241235,shoreline contamination
LANDSAT_5_1987-05-13,35.41948919299315,33.30432263924152,0.0,1.5080637080508958,0.6044914129207837,0.002611432779947917,35.373876896241235,shoreline contamination
LANDSAT_5_1987-05-29,25.984976225155094,21.353711215087873,0.0883315409892961,1.9221251639787265,2.044745457380707,0.5760628477184818,35.373876896241235,shoreline contamination
LANDSAT_5_1987-06-14,35.419489192993154,2.287295664433498,3.5145387005328015,13.558238594539867,6.7535872285299865,9.305829004957017,35.373876896241235,shoreline contamination
LANDSAT_5_1987-06-30,35.41948919299315,7.633077012668985,2.677775151453354,10.94672139496927,6.972847167868222,7.189068466033339,35.373876896241235,shoreline contamination
LANDSAT_5_1987-07-16,35.419489192993154,28.47594735059072,0.40475439797076057,3.5253988818574764,1.904735524227367,1.1086530383468325,35.373876896241235,shoreline contamination
LANDSAT_5_1987-08-17,35.41948919299315,10.444162957579367,3.4619972472665825,12.162688911525354,5.450654344111423,3.899985732510434,35.373876896241235,shoreline contamination
LANDSAT_5_1987-09-02,35.41948919299315,17.59546678423473,1.57145590633138,7.966098646252198,5.659333387187885,2.6271344689869602,35.373876896241235,shoreline contamination
LANDSAT_5_1987-11-05,35.41948919299315,10.024691889818378,4.30391276169721,10.676925302870806,4.971375219458487,5.442584019148283,35.373876896241235,shoreline contamination
LANDSAT_5_1987-11-21,35.41948919299315,25.027963756675565,2.1685456981775624,5.302311787451652,1.4938905157686118,1.4267774349197688,35.373876896241235,shoreline contamination
LANDSAT_5_1987-12-23,26.083019477704205,25.60795919685153,0.0,0.26342923978678384,0.08251293874463848,0.12911810232125076,35.373876896241235,shoreline contamination
LANDSAT_5_1988-01-08,35.419489192993154,30.819491174498314,0.20658559468826596,2.051923944015204,1.841600847692154,0.4998876320992263,35.373876896241235,shoreline contamination
LANDSAT_5_1988-01-24,35.41948919299315,35.27189831454406,0.0,0.004979747939165901,0.0,0.1426111305099188,35.373876896241235,shoreline contamination
LANDSAT_5_1988-02-25,35.41948919299315,30.85565188337496,0.48776287456198303,1.159306338881549,2.5258302060570808,0.3909378901175705,35.373876896241235,shoreline contamination
LANDSAT_5_1988-04-13,35.41948919299314,10.439129131553507,2.0191335977711398,14.386687345087982,4.925956376211127,3.6485827423694093,35.373876896241235,shoreline contamination
LANDSAT_5_1988-05-31,35.41948919299315,7.649614491936178,0.3815645338398055,15.343936773174212,7.124842864391853,4.919530529651118,35.373876896241235,shoreline contamination
LANDSAT_5_1988-06-16,35.419489192993154,34.74892808816108,0.07545582212679994,0.2898099178825828,0.20243584386249622,0.1028595209601907,35.373876896241235,shoreline contamination
LANDSAT_5_1988-07-02,35.419489192993154,17.663007106780398,2.7635478415264054,8.04432752948118,5.320139311566521,1.6284674036386524,35.373876896241235,shoreline contamination
LANDSAT_5_1988-07-18,35.41948919299315,3.531154376373889,2.8722215302255667,15.355761505672683,8.737684164076862,4.9226676166441665,35.373876896241235,shoreline contamination
LANDSAT_5_1988-08-03,35.41948919299315,11.286880477000519,1.068512585930319,10.909508987129959,8.452254559137083,3.7023325837952856,35.373876896241235,shoreline contamination
LANDSAT_5_1988-08-19,35.419489192993154,2.6042223210736446,3.4613148812590944,16.658601971145927,8.14672006031231,4.548629959202186,35.373876896241235,shoreline contamination
LANDSAT_5_1988-09-04,35.41948919299315,34.223350008915915,0.09686619972139246,0.19947115282006356,0.5601806609341491,0.339621170601639,35.373876896241235,shoreline contamination
LANDSAT_5_1988-10-06,35.41948919299315,20.054110670027185,1.9314951531455846,7.237433590657558,2.1653670277578314,4.031082751405002,35.373876896241235,shoreline contamination
LANDSAT_5_1988-10-22,35.419489192993154,9.481506277025407,2.2043438264662805,11.199646274512192,6.865818864461263,5.668173950528015,35.373876896241235,shoreline contamination
LANDSAT_5_1988-11-23,35.41948919299315,21.438777967074525,0.033566188730277266,4.9759014819312,5.314719773372875,3.6565237818842866,35.373876896241235,shoreline contamination
LANDSAT_5_1988-12-09,35.41948919299314,22.45668052276492,0.11812348674460019,5.7115821733111165,5.020685693668141,2.1124173165043847,35.373876896241235,shoreline contamination
LANDSAT_5_1988-12-25,35.41948919299314,29.43872705662865,0.1415842569292854,3.2313008763116557,1.974006476813822,0.6338705263097427,35.373876896241235,shoreline contamination
LANDSAT_5_1989-01-10,35.41948919299315,32.74271955504173,0.06634994035309437,1.047951219434551,1.1978191526142195,0.3646493255495557,35.373876896241235,shoreline contamination
LANDSAT_5_1989-01-26,35.41948919299315,30.04890523724005,0.20376973752249924,2.303487489585727,2.056861706825406,0.8064650218194698,35.373876896241235,shoreline contamination
LANDSAT_5_1989-02-11,35.419489192993154,35.208658032329474,0.0,0.02238961205097273,0.15340920879289216,0.03503233981981465,35.373876896241235,shoreline contamination
LANDSAT_5_1989-02-27,35.41948919299315,35.41143727711635,0.0,0.0,0.0,0.008051915876799938,35.373876896241235,shoreline contamination
LANDSAT_5_1989-03-15,35.41948919299315,35.41948919299315,0.0,0.0,0.0,0.0,35.373876896241235,shoreline contamination
LANDSAT_5_1989-03-31,24.99073403485705,24.988050211629222,0.0,0.0,0.0010240935417624082,0.0016597296860638789,35.373876896241235,shoreline contamination
LANDSAT_5_1989-04-16,35.41948919299314,34.40044248353486,0.16524004952464386,0.2745287330896714,0.36146443661199834,0.2178134902319815,35.373876896241235,shoreline contamination
LANDSAT_5_1989-05-02,35.41948919299315,30.672586429682692,0.03773391746850108,2.2841164970703125,2.0020712841892614,0.4229810645823759,35.373876896241235,shoreline contamination
LANDSAT_5_1989-06-03,35.41948919299315,5.0842711761594295,1.9314913700286267,16.061935762657022,6.199086603103938,6.142704281044158,35.373876896241235,shoreline contamination
LANDSAT_5_1989-06-19,35.41948919299315,1.6904223738822186,2.7069818901893763,12.517676181011128,9.219522841167379,9.284885906743071,35.373876896241235,shoreline contamination
LANDSAT_5_1989-07-05,35.41948919299315,34.978693878609434,0.0,0.44040710152180984,3.8821286190257354E-4,0.0,35.373876896241235,shoreline contamination
LANDSAT_5_1989-07-21,35.41948919299314,2.732016118391448,0.27833742856732535,18.183647066837086,12.015672696528416,2.2098158826688876,35.373876896241235,shoreline contamination
LANDSAT_5_1989-08-06,35.419489192993154,9.857744310520543,1.9450002637221393,12.164335090095063,6.382855446013806,5.0695540826416,35.373876896241235,shoreline contamination
LANDSAT_5_1989-09-23,35.41948919299315,15.589819985346766,4.181210071863511,7.687462306205006,3.907935243795956,4.053061585781919,35.373876896241235,shoreline contamination
LANDSAT_5_1989-10-25,35.419489192993154,4.0736074760861865,0.5580001715710209,14.651660969501565,12.718474245595889,3.417746330238492,35.373876896241235,shoreline contamination
LANDSAT_5_1989-12-12,35.41948919299315,26.233315380485976,0.30417137744140627,3.637163647841511,3.22159509678261,2.0232436904416553,35.373876896241235,shoreline contamination
LANDSAT_5_1990-01-13,35.41948919299315,33.94095851858578,0.2819610942239201,0.3752425912343941,0.578136775215897,0.24319021373314953,35.373876896241235,shoreline contamination
LANDSAT_5_1990-03-18,25.3160500405776,24.999782704484524,0.0,0.03333599562701057,0.2572222335229014,0.02570910694316789,35.373876896241235,shoreline contamination
LANDSAT_5_1990-04-03,25.905898818538883,16.404826970954435,1.1859098895598765,3.4786949953134574,2.3759669939060584,2.4604999688050517,35.373876896241235,shoreline contamination
LANDSAT_5_1990-04-19,25.319193360715374,21.01925150273102,0.12175168065209482,1.4382989945810354,1.6727990448333145,1.0670921379179112,35.373876896241235,shoreline contamination
LANDSAT_5_1990-05-05,35.41948919299314,14.246282362230485,0.5543277532599955,12.293505252077587,3.8072702206097775,4.518103604815315,35.373876896241235,shoreline contamination
LANDSAT_5_1990-05-21,25.89417318460621,13.968645173677334,0.018882169641831342,6.833256918239216,4.296076518758138,0.7773124042896944,35.373876896241235,shoreline contamination
LANDSAT_5_1990-06-06,35.41948919299315,23.213318552145548,1.0208380643382353,6.461274131385954,2.8446663816444544,1.879392063478956,35.373876896241235,shoreline contamination
LANDSAT_5_1990-06-22,35.419489192993154,35.419489192993154,0.0,0.0,0.0,0.0,35.373876896241235,shoreline contamination
LANDSAT_5_1990-07-08,35.41948919299314,21.026277497690227,1.3484896694742838,5.284021675541897,3.8205140808632048,3.9401862694235414,35.373876896241235,shoreline contamination
LANDSAT_5_1990-07-24,35.41948919299315,2.492543150115368,4.497197150780771,12.944324623444201,8.50505682851515,6.980367440137677,35.373876896241235,shoreline contamination
LANDSAT_5_1990-08-09,35.41948919299315,18.10657797548061,0.9812084398983226,6.334123320200003,6.912619200920554,3.0849602564936616,35.373876896241235,shoreline contamination
LANDSAT_5_1990-09-10,35.41948919299315,11.046521313110347,4.177707109803442,10.434278105349073,6.169277609683767,3.59170505504653,35.373876896241235,shoreline contamination
LANDSAT_5_1990-09-26,35.419489192993154,21.04544873442048,1.349748168196136,5.297254418339749,3.6423377205690874,4.084700151467715,35.373876896241235,shoreline contamination
LANDSAT_5_1990-10-12,35.41948919299315,2.1916739961344396,4.781219839123295,13.744084995031015,8.869580602895695,5.8329297598087075,35.373876896241235,shoreline contamination
LANDSAT_5_1990-10-28,35.41948919299315,18.13226229340197,0.9831115606785195,11.145527801499313,3.7741173174211093,1.3844702199922452,35.373876896241235,shoreline contamination
LANDSAT_5_1990-11-13,35.41948919299315,35.41948919299315,0.0,0.0,0.0,0.0,35.373876896241235,shoreline contamination
LANDSAT_5_1990-12-31,35.41948919299315,32.04285479976398,0.06766246598785998,0.8801678610624425,1.2239887619940069,1.2048153041848573,35.373876896241235,shoreline contamination
LANDSAT_5_1991-02-01,35.419489192993154,35.02354077348775,0.0,0.23622801534974347,0.14172271250526577,0.017997691650390626,35.373876896241235,shoreline contamination
LANDSAT_5_1991-03-21,26.175199894895062,26.175199894895062,0.0,0.0,0.0,0.0,35.373876896241235,shoreline contamination
LANDSAT_5_1991-04-06,35.419489192993154,19.2115009869289,0.714435899071787,8.637805829147037,3.727359132831648,3.1283873450137865,35.373876896241235,shoreline contamination
LANDSAT_5_1991-04-22,35.419489192993154,21.48083578829895,0.03346814997175628,8.440484639267869,3.9806576067301425,1.484043008724437,35.373876896241235,shoreline contamination
LANDSAT_5_1991-05-08,35.41948919299315,35.329103154517064,0.0,0.09038603847608381,0.0,0.0,35.373876896241235,shoreline contamination
LANDSAT_5_1991-05-24,25.93058622686647,25.739977656733487,0.0,0.04163181303375843,0.06504377261412378,0.08393298448510264,35.373876896241235,shoreline contamination
LANDSAT_5_1991-06-09,35.41948919299315,35.41843050769042,0.0,0.0,0.0,0.0010586853027343749,35.373876896241235,shoreline contamination
LANDSAT_5_1991-06-25,35.41948919299315,3.4200468917020905,0.26806745425953576,18.647619856361544,9.190260338776232,3.8934946518937643,35.373876896241235,shoreline contamination
LANDSAT_5_1991-07-11,35.41948919299315,12.26958886420036,0.28620647685451134,11.771048142539836,5.630131443105663,5.462514266292795,35.373876896241235,shoreline contamination
LANDSAT_5_1991-07-27,35.41948919299315,26.781959600028227,0.941542296302945,3.367971265392827,2.998103088201785,1.329912943067364,35.373876896241235,shoreline contamination
LANDSAT_5_1991-08-12,35.419489192993154,2.4598730685556442,2.51693637812117,13.615258355655445,8.553685872611252,8.273735518049653,35.373876896241235,shoreline contamination
LANDSAT_5_1991-08-28,35.41948919299315,1.5705257297961663,1.0437912960205078,16.628929989937582,10.410791368482403,5.765450808756514,35.373876896241235,shoreline contamination
LANDSAT_5_1991-09-13,25.31919336071537,20.60945385975557,0.20383104388308051,1.962253499164657,2.0342887568598735,0.5093662010521982,35.373876896241235,shoreline contamination
LANDSAT_5_1991-09-29,35.419489192993154,1.5470149712919348,2.002061746754366,18.948027307985797,7.84840219464231,5.073982972318761,35.373876896241235,shoreline contamination
LANDSAT_5_1991-10-15,35.41948919299315,7.867464305022595,1.793467100846833,13.87138099474858,7.048430453840668,4.838746338534484,35.373876896241235,shoreline contamination
LANDSAT_5_1991-10-31,25.221114711595714,25.221114711595714,0.0,0.0,0.0,0.0,35.373876896241235,shoreline contamination
LANDSAT_5_1991-12-02,35.41948919299315,30.521367359930288,0.011936073141659006,2.8045379253863163,1.2647970564108457,0.8168507781240425,35.373876896241235,shoreline contamination
LANDSAT_5_1991-12-18,35.41948919299315,34.121300253013445,0.01800982177734375,0.5090146221421187,0.39644598215140553,0.37471851390883504,35.373876896241235,shoreline contamination
LANDSAT_5_1992-03-23,35.419489192993154,32.809120100932994,0.0,0.9766332322423599,1.275864213433958,0.3578716463838465,35.373876896241235,shoreline contamination
LANDSAT_5_1992-04-08,35.41948919299314,23.96657654985972,0.05836769641113281,6.752707915606327,2.0677004446207676,2.574136586495194,35.373876896241235,shoreline contamination
LANDSAT_5_1992-05-10,35.41948919299315,4.3584593770297175,0.3664819878360524,17.188569686781943,7.1413894558823525,6.364588685463103,35.373876896241235,shoreline contamination
LANDSAT_5_1992-05-26,35.41948919299315,6.309802118824679,0.19776343894808898,16.618778200441845,6.592993043574313,5.700152391204241,35.373876896241235,shoreline contamination
LANDSAT_5_1992-06-11,35.41948919299315,4.6279981121036275,0.8374799069704543,14.878171439728387,7.820893308064782,7.254946426125919,35.373876896241235,shoreline contamination
LANDSAT_5_1992-06-27,35.41948919299315,2.2916769018650425,1.0755723295180375,16.143281463797774,7.8112716084199825,8.097686889392332,35.373876896241235,shoreline contamination
LANDSAT_5_1992-07-29,35.41948919299315,2.7711529636828844,1.4580225485456875,15.347085109020757,6.265739923655791,9.577488648088044,35.373876896241235,shoreline contamination
LANDSAT_5_1992-08-14,35.419489192993154,2.02561223591883,2.9704230250220207,13.468318062334841,7.293908305453433,9.661227564264038,35.373876896241235,shoreline contamination
LANDSAT_5_1992-08-30,35.41948919299315,13.948737888604846,0.322075235657935,11.469266888224285,3.3965678274619906,6.282841353044097,35.373876896241235,shoreline contamination
LANDSAT_5_1992-09-15,35.419489192993154,35.37411517427091,0.0,0.0,0.0,0.04537401872223498,35.373876896241235,shoreline contamination
LANDSAT_5_1992-10-01,35.41948919299315,2.3282216600700827,2.3048970901357615,14.50088416209022,8.249863848194797,8.0356224325023,35.373876896241235,shoreline contamination
LANDSAT_5_1992-10-17,35.419489192993154,30.285822040551274,0.013451979549632353,2.0040909553055113,1.3896280354602284,1.7264961821265141,35.373876896241235,shoreline contamination
LANDSAT_5_1992-12-04,35.41948919299315,33.45545487904266,0.0,0.9972912153296379,0.5549929415067786,0.4117501571140663,35.373876896241235,shoreline contamination
LANDSAT_5_1992-12-20,35.41948919299314,31.969668522374743,0.0,1.2984369159988705,0.777420888899261,1.3739628657202625,35.373876896241235,shoreline contamination
LANDSAT_5_1993-01-05,35.419489192993154,35.419489192993154,0.0,0.0,0.0,0.0,35.373876896241235,shoreline contamination
LANDSAT_5_1993-02-22,35.419489192993154,35.419489192993154,0.0,0.0,0.0,0.0,35.373876896241235,shoreline contamination
LANDSAT_5_1993-03-26,35.41948919299314,34.61662480124319,0.0,0.4090072489683863,0.30118565763825067,0.0926714851433249,35.373876896241235,shoreline contamination
LANDSAT_5_1993-05-13,35.41948919299315,3.8154668775754446,1.6819398457007315,16.990787189084514,4.969709790816961,7.961585489815512,35.373876896241235,shoreline contamination
LANDSAT_5_1993-05-29,35.41948919299315,27.47895294490318,0.17552352059876686,5.391082718769147,1.781690999887504,0.5922390088345397,35.373876896241235,shoreline contamination
LANDSAT_5_1993-06-14,35.41948919299315,31.048996587677586,0.01577495210535386,2.641196701315486,1.3336521854343786,0.37986876646034384,35.373876896241235,shoreline contamination
LANDSAT_5_1993-06-30,35.41948919299315,25.97198736415249,0.0,6.603498666369875,0.5430916012752758,2.3009115611955213,35.373876896241235,shoreline contamination
LANDSAT_5_1993-08-01,35.41948919299315,1.7795308157408471,3.6389787779971856,12.145049054780852,5.179803904897654,12.67612663957664,35.373876896241235,shoreline contamination
LANDSAT_5_1993-08-17,35.419489192993154,11.69995114288449,4.821744072244082,6.131288107883828,7.231238916003657,5.535266953977099,35.373876896241235,shoreline contamination
LANDSAT_5_1993-09-18,35.41948919299315,33.31378952840407,0.004623927947399664,1.2317003729415597,0.5624617321753408,0.30691363152477796,35.373876896241235,shoreline contamination
LANDSAT_5_1993-10-04,35.419489192993154,8.29860875519637,2.1620763139433015,11.818126209515734,8.21984913254921,4.920828781788544,35.373876896241235,shoreline contamination
LANDSAT_5_1993-10-20,35.41948919299315,27.850561504676953,0.10779545525524663,3.0674687485949943,3.496346919816558,0.8973165646493949,35.373876896241235,shoreline contamination
LANDSAT_5_1993-11-21,35.41948919299315,28.489808963496166,0.3885280494935279,2.761819017168831,2.4917598593750006,1.2875733034596166,35.373876896241235,shoreline contamination
LANDSAT_5_1993-12-07,26.381871029993388,26.381871029993388,0.0,0.0,0.0,0.0,35.373876896241235,shoreline contamination
LANDSAT_5_1993-12-23,35.41948919299315,35.09081111640958,0.00900343505859375,0.08346703148217297,0.2024182007099226,0.03378940933287378,35.373876896241235,shoreline contamination
LANDSAT_5_1994-01-24,35.41948919299315,34.048185810230905,0.005048912813074449,0.6072827608546835,0.6130828769603056,0.14588883213417203,35.373876896241235,shoreline contamination
LANDSAT_5_1994-02-09,35.41948919299315,35.41948919299315,0.0,0.0,0.0,0.0,35.373876896241235,shoreline contamination
LANDSAT_5_1994-03-13,35.41948919299315,35.38120728596764,0.0,0.012184250359030329,0.01857488716394761,0.007522769502527573,35.373876896241235,shoreline contamination
LANDSAT_5_1994-04-30,35.41948919299315,18.81047029172411,0.18797838711847042,9.649016661671357,4.057171122771617,2.714852729707605,35.373876896241235,shoreline contamination
LANDSAT_5_1994-05-16,35.41948919299315,11.571655046310127,0.11138997761326211,15.378706992189894,5.199816825520834,3.1579203513590497,35.373876896241235,shoreline contamination
LANDSAT_5_1994-06-01,35.419489192993154,2.495885557320389,3.140529766489066,14.510368887635469,6.63161805879002,8.641086922758218,35.373876896241235,shoreline contamination
LANDSAT_5_1994-07-03,35.419489192993154,3.746433887374577,1.9766654347091372,16.07665209549011,8.003639072485829,5.616098702933517,35.373876896241235,shoreline contamination
LANDSAT_5_1994-07-19,35.41948919299315,28.432246036527733,0.06568798514571844,2.984767252690335,2.4045793808617684,1.5322085377675978,35.373876896241235,shoreline contamination
LANDSAT_5_1994-08-20,26.33277882124597,26.33277882124597,0.0,0.0,0.0,0.0,35.373876896241235,shoreline contamination
LANDSAT_5_1994-09-21,35.41948919299315,32.79052169443646,0.010948489518707874,0.684771943605909,0.6121254433306527,1.321121622101427,35.373876896241235,shoreline contamination
LANDSAT_5_1994-11-08,35.41948919299315,27.56251581166943,0.024315472555721508,5.559374727754484,1.3825606649792235,0.8907225160342946,35.373876896241235,shoreline contamination
LANDSAT_5_1994-11-24,35.41948919299315,9.773929524433212,2.8845530769258385,12.31377785178032,5.979334182760801,4.467894557093003,35.373876896241235,shoreline contamination
LANDSAT_5_1994-12-10,35.41948919299315,34.79441293320598,0.0,0.3234090239975873,0.1688304091868681,0.13283682660271137,35.373876896241235,shoreline contamination
LANDSAT_5_1994-12-26,35.419489192993154,19.100242267700192,0.04707834717514936,3.9405618733963315,8.024120703843058,4.307486000878428,35.373876896241235,shoreline contamination
LANDSAT_5_1995-02-12,35.41948919299315,33.17048107217466,0.04816945976466759,0.9949202313352099,0.6873504009842217,0.5185680287343942,35.373876896241235,shoreline contamination
LANDSAT_5_1995-02-28,35.41948919299315,35.41948919299315,0.0,0.0,0.0,0.0,35.373876896241235,shoreline contamination
LANDSAT_5_1995-03-16,35.419489192993154,33.93999031165268,0.06952780627202053,0.10929236508118872,0.6810986333127489,0.6195800766745174,35.373876896241235,shoreline contamination
LANDSAT_5_1995-05-19,35.419489192993154,3.873904812095492,2.8730478314472276,15.761358395498226,5.437976988075405,7.473201165876802,35.373876896241235,shoreline contamination
LANDSAT_5_1995-06-04,35.419489192993154,4.8915438991459865,0.13822432769895066,16.17470277492149,11.493426464740828,2.7215917264859066,35.373876896241235,shoreline contamination
LANDSAT_5_1995-06-20,35.41948919299315,7.215956822919062,0.8192859641831343,12.681252059697162,10.128463964147231,4.574530382046569,35.373876896241235,shoreline contamination
LANDSAT_5_1995-07-22,35.41948919299315,4.4481840199836284,4.549809748214422,11.693875666027592,8.205368012537338,6.522251746230179,35.373876896241235,shoreline contamination
LANDSAT_5_1995-08-07,26.23425186049756,9.628231320013306,0.35439742782532935,8.007977719635603,6.573742749794156,1.6699026432291664,35.373876896241235,shoreline contamination
LANDSAT_5_1995-08-23,35.41948919299314,2.4454394545252187,5.076224972196692,13.867940443821324,8.154439608587527,5.8754447138624,35.373876896241235,shoreline contamination
LANDSAT_5_1995-09-08,35.41948919299315,1.777637865808824,4.309682205700444,17.57921392744955,7.049778083469765,4.703177110564586,35.373876896241235,shoreline contamination
LANDSAT_5_1995-10-10,35.41948919299315,2.5012542377977556,2.714157942334942,14.680620112541645,9.996053340726965,5.527403559591857,35.373876896241235,shoreline contamination
LANDSAT_5_1995-10-26,35.41948919299315,28.542305592967306,0.2988697243580537,3.5288058119423056,2.1100805869284245,0.9394274767970663,35.373876896241235,shoreline contamination
LANDSAT_5_1995-11-27,35.41948919299315,35.41948919299315,0.0,0.0,0.0,0.0,35.373876896241235,shoreline contamination
LANDSAT_5_1996-01-30,35.419489192993154,35.145074004006766,0.010029418026194852,0.04099776084271599,0.14118061763987821,0.08220739247759651,35.373876896241235,shoreline contamination
LANDSAT_5_1996-02-15,35.41948919299315,35.33059489898081,0.0,0.016740710142846203,0.052446487927006735,0.019707095942478554,35.373876896241235,shoreline contamination
LANDSAT_5_1996-03-02,35.41948919299315,35.41948919299315,0.0,0.0,0.0,0.0,35.373876896241235,shoreline contamination
LANDSAT_5_1996-04-19,35.419489192993154,35.37687209931495,0.0,0.00720005859375,0.0,0.03541703508444393,35.373876896241235,shoreline contamination
LANDSAT_5_1996-05-05,26.348212846710798,26.348212846710798,0.0,0.0,0.0,0.0,35.373876896241235,shoreline contamination
LANDSAT_5_1996-05-21,35.419489192993154,22.95092476412186,0.6109944528736788,6.443278403183879,3.0093453320384307,2.4049462407753137,35.373876896241235,shoreline contamination
LANDSAT_5_1996-06-22,35.41948919299315,26.845204604753064,1.215340457957548,3.9067293929108255,2.6092253690137697,0.8429893683579389,35.373876896241235,shoreline contamination
LANDSAT_5_1996-07-24,35.41948919299315,15.98705865997913,3.530062546082741,7.75214359743365,3.753634735574162,4.396589653923482,35.373876896241235,shoreline contamination
LANDSAT_5_1996-08-09,26.533738961614862,2.7625563864195586,2.7024251990272674,8.083921543437881,9.369448312353992,3.615387520376169,35.373876896241235,shoreline contamination
LANDSAT_5_1996-08-25,35.41948919299315,3.2239374049407363,6.600889563983992,10.117773103819607,9.477974670769186,5.998914449479646,35.373876896241235,shoreline contamination
LANDSAT_5_1996-09-10,35.41948919299315,35.41948919299315,0.0,0.0,0.0,0.0,35.373876896241235,shoreline contamination
LANDSAT_5_1996-10-12,35.41948919299314,19.048619371974564,3.63897721811571,2.4826146064165897,3.3679724402717137,6.881305556214576,35.373876896241235,shoreline contamination
LANDSAT_5_1996-10-28,35.419489192993154,1.8549830402473004,5.393908930247588,14.72638980654728,7.4417041861428626,6.002503229808132,35.373876896241235,shoreline contamination
LANDSAT_5_1996-11-13,35.419489192993154,21.00818705915621,2.5504132777578326,4.527990229552024,4.108086539057712,3.224812087469363,35.373876896241235,shoreline contamination
LANDSAT_5_1996-11-29,35.41948919299315,33.561114660857534,0.045736620229683674,0.380336433495615,0.8262497626929189,0.6060517157173905,35.373876896241235,shoreline contamination
LANDSAT_5_1997-01-16,35.41948919299315,35.41948919299315,0.0,0.0,0.0,0.0,35.373876896241235,shoreline contamination
LANDSAT_5_1997-03-05,35.41948919299315,35.37975719937431,0.0,0.025781921573414524,0.013950072045419731,0.0,35.373876896241235,shoreline contamination
LANDSAT_5_1997-04-22,35.41948919299315,17.92434731480258,2.5097662459022665,6.742028738824581,3.6603864568158317,4.5829604366479,35.373876896241235,shoreline contamination
LANDSAT_5_1997-06-09,35.419489192993154,1.9817607085966218,3.5372400218242577,13.13620588367418,8.530986409433401,8.23329616946471,35.373876896241235,shoreline contamination
LANDSAT_5_1997-06-25,35.419489192993154,3.2784022855248542,2.7003926524323107,14.90328841859825,4.6944480290551285,9.842957807382621,35.373876896241235,shoreline contamination
LANDSAT_5_1997-07-11,35.419489192993154,1.5346439027075676,2.0745945927135994,11.99688523421463,11.216517341093178,8.59684812226419,35.373876896241235,shoreline contamination
LANDSAT_5_1997-07-27,35.41948919299315,1.2813056739190793,5.151202345059264,10.73870579660453,9.379259992757161,8.869015384653135,35.373876896241235,shoreline contamination
LANDSAT_5_1997-08-12,26.607412523243617,26.607412523243617,0.0,0.0,0.0,0.0,35.373876896241235,shoreline contamination
LANDSAT_5_1997-08-28,35.41948919299315,20.083386532911113,1.9757562311676624,5.441572972009996,3.263680215849035,4.655093241055357,35.373876896241235,shoreline contamination
LANDSAT_5_1997-09-13,35.41948919299314,34.61395780302158,0.04127388390634574,0.6303873240894989,0.083651777781767,0.05021840419395297,35.373876896241235,shoreline contamination
LANDSAT_5_1997-11-16,35.41948919299315,4.780941714089785,2.926175566224342,14.48000251406442,8.721798444046318,4.510570954568302,35.373876896241235,shoreline contamination
LANDSAT_5_1997-12-18,35.41948919299315,6.402790165580001,3.8095799076334638,11.630668553675035,8.825626251742493,4.750824314362169,35.373876896241235,shoreline contamination
LANDSAT_5_1998-01-03,26.888258440161604,26.628716902700376,0.0,0.2384308807109758,0.021110656750248927,0.0,35.373876896241235,shoreline contamination
LANDSAT_5_1998-01-19,35.41948919299315,30.447964803892837,0.18809361851830575,2.335936062535903,1.889864730303596,0.5576299777425131,35.373876896241235,shoreline contamination
LANDSAT_5_1998-02-04,35.41948919299315,25.509273486507634,1.102020448280484,3.4019738697725166,3.4501146389591,1.9561067494734217,35.373876896241235,shoreline contamination
LANDSAT_5_1998-03-08,35.41948919299315,35.41948919299315,0.0,0.0,0.0,0.0,35.373876896241235,shoreline contamination
LANDSAT_5_1998-03-24,35.41948919299315,10.072123815953875,2.1305156601131667,13.545744426678826,7.008412402894264,2.662692887353036,35.373876896241235,shoreline contamination
LANDSAT_5_1998-04-09,35.419489192993154,18.602180803196344,0.0683417009971469,11.713346432303636,3.897409465422985,1.13821079107307,35.373876896241235,shoreline contamination
LANDSAT_5_1998-04-25,35.419489192993154,15.620788689857623,0.14768964431104473,9.029522086392278,5.480174659816368,5.141314112615843,35.373876896241235,shoreline contamination
LANDSAT_5_1998-05-11,35.41948919299315,15.756093957744515,0.24031813709932215,11.847943487453085,5.928722920759613,1.646410689936619,35.373876896241235,shoreline contamination
LANDSAT_5_1998-05-27,35.41948919299315,5.757069806860827,1.299562931532916,13.86955834471938,11.056504297746248,3.4367938121337884,35.373876896241235,shoreline contamination
LANDSAT_5_1998-06-28,35.41948919299315,10.547733396738092,2.718808686580882,11.535037166760013,5.059712919974532,5.558197022939645,35.373876896241235,shoreline contamination
LANDSAT_5_1998-07-14,35.419489192993154,34.71010067927101,0.0,0.4714356304835899,0.2379528832385492,0.0,35.373876896241235,shoreline contamination
LANDSAT_5_1998-07-30,26.607412523243617,3.2500904272437,3.5604535100480623,9.171834061379826,6.9094633180721505,3.715571206499885,35.373876896241235,shoreline contamination
LANDSAT_5_1998-08-15,35.41948919299315,3.544297319845761,3.639381450259938,13.403700443584368,10.226335067337338,4.60577491196576,35.373876896241235,shoreline contamination
LANDSAT_5_1998-08-31,35.41948919299315,2.4766418196734263,6.640568586210362,12.01776437716854,8.786827562933231,5.497686847007602,35.373876896241235,shoreline contamination
LANDSAT_5_1998-09-16,26.586504207088687,1.5157454914957682,4.925645975947361,8.618163037315222,8.019123350049785,3.5078263522805613,35.373876896241235,shoreline contamination
LANDSAT_5_1998-10-02,35.41948919299315,7.000679867690142,3.7269242245471426,12.76249707418525,8.435625715250652,3.493762311319987,35.373876896241235,shoreline contamination
LANDSAT_5_1998-11-03,35.41948919299315,30.93972147176585,1.1599180550321693,1.2201546544811774,1.2147840580169083,0.8849109536970551,35.373876896241235,shoreline contamination
LANDSAT_5_1998-12-21,35.41948919299315,32.505388193534074,0.0688826580140357,0.7211820355248545,1.3712463401596966,0.7527899657604741,35.373876896241235,shoreline contamination
LANDSAT_5_1999-01-06,35.41948919299315,33.09178401523245,0.13178768687050013,1.1556824920750037,0.6752787630040786,0.36495623581112135,35.373876896241235,shoreline contamination
LANDSAT_5_1999-02-07,26.534374687732164,25.713369593122884,7.061547372855392E-5,0.28221783843635107,0.40238844199505974,0.13632819870413984,35.373876896241235,shoreline contamination
LANDSAT_5_1999-02-23,35.41948919299315,35.32188009836233,0.0,0.039629439340628826,0.017185682741651345,0.040793972548540905,35.373876896241235,shoreline contamination
LANDSAT_5_1999-03-11,35.41948919299315,30.08622714007208,0.245547760440602,1.5247289197136373,3.1668560829144656,0.39612928985236673,35.373876896241235,shoreline contamination
LANDSAT_5_1999-03-27,35.41948919299314,21.986136932681802,0.3557262111098346,6.20981989837048,4.528342405934053,2.3394637448969817,35.373876896241235,shoreline contamination
LANDSAT_5_1999-04-12,35.419489192993154,6.291593748322131,1.2863056929117838,15.91737517248296,6.041636078294941,5.8825785009813485,35.373876896241235,shoreline contamination
LANDSAT_5_1999-04-28,35.419489192993154,5.10537038515577,2.44410058987726,15.692724092505363,5.411733391467524,6.765560733987248,35.373876896241235,shoreline contamination
LANDSAT_5_1999-05-14,27.034621127553894,2.3562989819335938,1.576892753678864,11.455643778810984,6.370098599123488,5.275687014006971,35.373876896241235,shoreline contamination
LANDSAT_5_1999-05-30,35.41948919299315,5.236196454616169,3.2428394479070923,12.800469997192378,8.60147017670755,5.538513116569967,35.373876896241235,shoreline contamination
LANDSAT_5_1999-06-15,35.41948919299315,20.13254349603871,0.7591375673421222,8.151681866500557,2.5758315739554614,3.8002946891563263,35.373876896241235,shoreline contamination
LANDSAT_5_1999-07-01,35.41948919299315,31.323509624114372,0.19017887272374773,1.4222924995284725,1.6983230873161759,0.7851851093103747,35.373876896241235,shoreline contamination
LANDSAT_5_1999-07-17,35.41948919299315,3.3733605976442815,2.7099982759052357,14.338852160419536,5.147624933708639,9.849653225315468,35.373876896241235,shoreline contamination
LANDSAT_5_1999-08-02,35.41948919299315,8.464012444295252,3.1806369733743103,11.279742514985927,4.501958456952263,7.993138803385413,35.373876896241235,shoreline contamination
LANDSAT_5_1999-09-03,35.41948919299315,18.9986820224705,0.3510402190563725,7.2864793612084435,6.892631345277078,1.8906562449807556,35.373876896241235,shoreline contamination
LANDSAT_5_1999-10-05,35.41948919299315,29.06431264635751,0.20464803084788602,1.6573291699865005,1.5773836866646562,2.9158156591366033,35.373876896241235,shoreline contamination
LANDSAT_5_1999-10-21,35.41948919299315,35.08808219447953,0.0,0.04749990068981694,0.24791039652267163,0.03599670130112592,35.373876896241235,shoreline contamination
LANDSAT_5_1999-11-06,35.41948919299315,35.2940089971062,0.045179956677006736,0.03501441046022901,0.038367651697495404,0.006918177052217371,35.373876896241235,shoreline contamination
LANDSAT_5_1999-12-08,35.41948919299315,30.25678263041656,0.2399418367393343,1.5068612459860407,1.8779743266697304,1.5379291531814872,35.373876896241235,shoreline contamination
LANDSAT_5_1999-12-24,35.419489192993154,32.02328182882629,0.4335542518741383,0.9948510990564681,1.4146738275553383,0.553128185680913,35.373876896241235,shoreline contamination
LANDSAT_5_2000-01-09,35.419489192993154,23.786386430929745,1.3066866522767309,4.474126461674707,4.702985174529431,1.1493044735825482,35.373876896241235,shoreline contamination
LANDSAT_5_2000-01-25,35.41948919299314,32.98251056822053,0.3571467808454925,0.8417939181841683,0.7783104674144072,0.4597274583285463,35.373876896241235,shoreline contamination
LANDSAT_5_2000-03-13,35.41948919299315,35.071854895014724,0.0,0.00900453857421875,0.24050998859959025,0.09811977080461091,35.373876896241235,shoreline contamination
LANDSAT_5_2000-04-30,35.41948919299315,12.807772790036667,0.1269767539995979,12.790937885950425,5.149517136955711,4.544284626050761,35.373876896241235,shoreline contamination
LANDSAT_5_2000-05-16,35.41948919299314,4.533569525201535,2.0368292558904915,14.99109435376695,7.618021193639418,6.239974864494774,35.373876896241235,shoreline contamination
LANDSAT_5_2000-06-17,35.419489192993154,11.181543226682175,1.9664438718261723,14.199458728314568,5.12069160364727,2.951351762522979,35.373876896241235,shoreline contamination
LANDSAT_5_2000-07-03,35.41948919299315,2.407199947454714,2.9198147810465493,16.775348310396073,6.039571079503677,7.277555074592144,35.373876896241235,shoreline contamination
LANDSAT_5_2000-07-19,35.41948919299315,4.187487679120231,4.291443620323032,14.071400358132754,6.454841423825731,6.414316111591416,35.373876896241235,shoreline contamination
LANDSAT_5_2000-08-04,35.41948919299315,2.6330961960808255,4.701988587151023,13.711117224963614,9.02494754407217,5.348339640725526,35.373876896241235,shoreline contamination
LANDSAT_5_2000-08-20,35.419489192993154,30.684782844985055,0.027753508240942863,2.3764084572538486,1.8478522689663752,0.48269211354693253,35.373876896241235,shoreline contamination
LANDSAT_5_2000-09-05,35.419489192993154,2.17394876719516,5.402261128731523,15.437488087005022,8.183717066346414,4.222074143715054,35.373876896241235,shoreline contamination
LANDSAT_5_2000-10-07,35.41948919299315,30.206409861969583,0.6822956018353631,1.2814221369317746,1.7434810663607727,1.5058805258956611,35.373876896241235,shoreline contamination
LANDSAT_5_2000-10-23,35.41948919299315,34.136429432210264,0.02777985366641774,0.29127357710056684,0.6573012236998316,0.30670510631606157,35.373876896241235,shoreline contamination
LANDSAT_5_2000-11-24,35.41948919299315,14.19707279634125,0.9664006146144493,9.769942571794097,6.329634588816924,4.156438621426453,35.373876896241235,shoreline contamination
LANDSAT_5_2000-12-10,35.41948919299315,29.6740404962924,0.30288662572045416,1.769530822670133,2.0646157500598386,1.6084154982503243,35.373876896241235,shoreline contamination
LANDSAT_5_2000-12-26,35.419489192993154,33.723701418078846,0.05184219647575827,0.7597590555563536,0.6495619261618222,0.2346245967203776,35.373876896241235,shoreline contamination
LANDSAT_5_2001-01-11,35.41948919299314,34.93617659414252,0.0,0.11241682508042282,0.23474281614056755,0.1361529576296339,35.373876896241235,shoreline contamination
LANDSAT_5_2001-02-28,27.116786198900403,27.116786198900403,0.0,0.0,0.0,0.0,35.373876896241235,shoreline contamination
LANDSAT_5_2001-03-16,27.113113120421158,27.113113120421158,0.0,0.0,0.0,0.0,35.373876896241235,shoreline contamination
LANDSAT_5_2001-04-17,35.41948919299315,15.873519784423827,0.02392579237036612,11.308107811296056,4.982346516778685,3.231589288124234,35.373876896241235,shoreline contamination
LANDSAT_5_2001-05-03,26.543239532341445,26.399949644930963,0.0,0.14328988741048176,0.0,0.0,35.373876896241235,shoreline contamination
LANDSAT_5_2001-05-19,35.41948919299315,31.848075817586253,0.027002904663085938,1.8274520255103024,0.9887984736878637,0.7281599715456497,35.373876896241235,shoreline contamination
LANDSAT_5_2001-06-04,35.419489192993154,3.4538889782906326,2.9020675408863736,15.329427333809644,6.187873288066789,7.546232051939724,35.373876896241235,shoreline contamination
LANDSAT_5_2001-06-20,35.41948919299315,10.543588692334943,2.1962958102333214,12.436120209412815,5.213988453235103,5.029496027776977,35.373876896241235,shoreline contamination
LANDSAT_5_2001-08-07,35.419489192993154,2.3443360723517923,6.621648856823491,11.770179510675172,8.16166445943436,6.5216602937083525,35.373876896241235,shoreline contamination
LANDSAT_5_2001-08-23,35.41948919299315,2.226395016905541,5.455162225937786,14.15522601011029,7.387421482443418,6.195284457596125,35.373876896241235,shoreline contamination
LANDSAT_5_2001-09-24,35.419489192993154,18.079855478120695,3.234519744928098,6.903100806647804,4.477182458666035,2.7248307046305333,35.373876896241235,shoreline contamination
LANDSAT_5_2001-10-26,27.236726311001636,26.07535468804093,0.00900527587890625,0.17067628218108535,0.832908675714231,0.14878138918648515,35.373876896241235,shoreline contamination
LANDSAT_5_2001-11-11,35.419489192993154,2.800870405969956,6.129071145510207,14.259676797133498,7.333452483647367,4.896418360732132,35.373876896241235,shoreline contamination
LANDSAT_5_2001-12-29,35.41948919299315,33.00367891618316,0.015434039282705269,1.3216618405737788,0.8439919345655257,0.2347224623879825,35.373876896241235,shoreline contamination
LANDSAT_5_2002-03-03,35.41948919299315,32.15390872797228,0.23322406490550324,1.027230216358858,1.528696351947859,0.47642983180865117,35.373876896241235,shoreline contamination
LANDSAT_5_2002-05-22,35.41948919299315,12.882236024021521,0.44257180369896987,11.738522132202153,6.819170818644206,3.5369884144263173,35.373876896241235,shoreline contamination
LANDSAT_5_2002-06-07,35.41948919299315,35.41758204824647,0.0,0.0019071447466681986,0.0,0.0,35.373876896241235,shoreline contamination
LANDSAT_5_2002-06-23,35.41948919299315,35.41948919299315,0.0,0.0,0.0,0.0,35.373876896241235,shoreline contamination
LANDSAT_5_2002-07-09,35.419489192993154,7.854543264387542,1.8399734123343678,13.446024077691762,6.034949591813627,6.243998846765859,35.373876896241235,shoreline contamination
LANDSAT_5_2002-08-10,35.41948919299315,26.860878573122502,1.0793122807688997,3.839481127989525,0.7539157534251492,2.885901457687078,35.373876896241235,shoreline contamination
LANDSAT_5_2002-08-26,35.41948919299315,31.723753810688088,0.025443378348556218,1.3653859420261754,1.8121265348522708,0.49277952707806777,35.373876896241235,shoreline contamination
LANDSAT_5_2002-09-11,35.419489192993154,11.825048805731067,2.897073664526846,10.26993225420784,6.195710503482596,4.231723965044806,35.373876896241235,shoreline contamination
LANDSAT_5_2002-09-27,35.41948919299315,1.886057735375498,5.275601107295017,13.320388966153013,9.24270909733791,5.694732286831724,35.373876896241235,shoreline contamination
LANDSAT_5_2002-10-13,35.41948919299314,24.47768085779765,1.0575248311623966,3.065884526022518,3.111498005895279,3.70690097211531,35.373876896241235,shoreline contamination
LANDSAT_5_2002-11-14,25.31919336071537,25.31919336071537,0.0,0.0,0.0,0.0,35.373876896241235,shoreline contamination
LANDSAT_5_2002-11-30,35.41948919299315,10.224620675996674,5.003354655350034,8.771443219051585,5.2116703102740125,6.208400332320866,35.373876896241235,shoreline contamination
LANDSAT_5_2003-01-01,35.41948919299315,35.41948919299315,0.0,0.0,0.0,0.0,35.373876896241235,shoreline contamination
LANDSAT_5_2003-01-17,35.41948919299315,25.13087315889964,2.528102130842621,3.2831559310709646,2.494447898164637,1.9829100740152994,35.373876896241235,shoreline contamination
LANDSAT_5_2003-03-06,35.41948919299315,35.38268776315725,0.0,0.02913746596631817,0.006675065422506893,9.88898447074142E-4,35.373876896241235,shoreline contamination
LANDSAT_5_2003-04-07,35.41948919299315,35.41948919299315,0.0,0.0,0.0,0.0,35.373876896241235,shoreline contamination
LANDSAT_5_2003-04-23,35.419489192993154,19.358389245284723,2.228275046985103,7.044781906879501,3.666458130787569,3.121584863056257,35.373876896241235,shoreline contamination
LANDSAT_5_2003-05-09,25.221114711595714,25.221114711595714,0.0,0.0,0.0,0.0,35.373876896241235,shoreline contamination
LANDSAT_5_2003-05-25,35.419489192993154,11.05673393729176,0.21698088480392155,13.083742578101063,6.616661047265145,4.445370745531268,35.373876896241235,shoreline contamination
LANDSAT_5_2003-07-12,35.419489192993154,2.0413945939845664,4.524349150783165,15.577088903770298,6.618582029289695,6.658074515165444,35.373876896241235,shoreline contamination
LANDSAT_5_2003-07-28,35.419489192993154,2.1683230460324756,4.886404906874712,14.749533454496493,6.973075990440218,6.642151795149258,35.373876896241235,shoreline contamination
LANDSAT_5_2003-08-13,35.41948919299315,1.9372476922152648,4.733486127776502,14.121864951449524,8.965574849257527,5.661315572294347,35.373876896241235,shoreline contamination
LANDSAT_5_2003-08-29,35.419489192993154,4.54038709762992,4.1883586685240495,13.98903037216845,7.175648822265626,5.526064232405119,35.373876896241235,shoreline contamination
LANDSAT_5_2003-09-30,35.41948919299315,12.495998010105502,4.38666645520259,9.163183848297718,6.535128947971718,2.838511931415632,35.373876896241235,shoreline contamination
LANDSAT_5_2003-10-16,35.419489192993154,4.488069895481481,7.322582215607287,13.14868714105583,7.73723319675341,2.722916744095148,35.373876896241235,shoreline contamination
LANDSAT_5_2003-11-01,35.41948919299315,32.53365117732027,0.0,1.1234452120911842,0.9747638171458519,0.787628986435834,35.373876896241235,shoreline contamination
LANDSAT_5_2003-12-03,35.41948919299315,8.623480995212928,12.287707389823163,4.597126448780733,4.280215694063075,5.630958665113263,35.373876896241235,shoreline contamination
LANDSAT_5_2003-12-19,35.41948919299315,18.177658990095548,1.1781640882424746,7.005244920206702,5.822677431322285,3.235743763126149,35.373876896241235,shoreline contamination
LANDSAT_5_2004-02-21,35.41948919299315,34.215064030077144,0.0,0.5426717637412876,0.6464282573122511,0.015325141862457875,35.373876896241235,shoreline contamination
LANDSAT_5_2004-03-08,35.41948919299315,34.27564390424659,0.00656384255323223,0.42391309175379144,0.6076838498439415,0.10568450459558823,35.373876896241235,shoreline contamination
LANDSAT_5_2004-04-09,35.41948919299315,28.069621406587483,0.049912218587239585,4.596228543102785,1.101299521876915,1.6024275028387327,35.373876896241235,shoreline contamination
LANDSAT_5_2004-05-11,35.419489192993154,35.419489192993154,0.0,0.0,0.0,0.0,35.373876896241235,shoreline contamination
LANDSAT_5_2004-06-12,35.41948919299315,10.159501376876534,0.6502945743312463,13.64339940242752,5.284361848826689,5.681931990531174,35.373876896241235,shoreline contamination
LANDSAT_5_2004-06-28,35.419489192993154,10.79234174809714,1.7035165297899435,10.235162167557059,7.230956672717524,5.457512074831494,35.373876896241235,shoreline contamination
LANDSAT_5_2004-07-14,35.41948919299315,4.44937157857259,3.309796495442708,13.310668574644804,8.054356810269224,6.295295734063837,35.373876896241235,shoreline contamination
LANDSAT_5_2004-08-15,35.41948919299315,7.214511792504404,1.8959053558924062,12.784796126359518,7.773248024804211,5.751027893432616,35.373876896241235,shoreline contamination
LANDSAT_5_2004-09-16,35.419489192993154,1.6780178137207027,3.906239344693053,17.59045539394722,6.33055880739698,5.914217833235195,35.373876896241235,shoreline contamination
LANDSAT_5_2004-10-02,35.419489192993154,5.141803881103516,2.107069417387121,12.336161695381916,7.118283595454199,8.716170603666415,35.373876896241235,shoreline contamination
LANDSAT_5_2004-10-18,25.31919336071537,25.293390769696394,0.0,0.0,0.016801718826593134,0.009000872192382813,35.373876896241235,shoreline contamination
LANDSAT_5_2004-11-03,35.419489192993154,1.7837156537320005,7.299986703838274,12.785485585133276,7.476466459996843,6.073834790292778,35.373876896241235,shoreline contamination
LANDSAT_5_2004-11-19,25.319193360715374,25.319193360715374,0.0,0.0,0.0,0.0,35.373876896241235,shoreline contamination
LANDSAT_5_2004-12-05,35.419489192993154,33.76071076975144,0.5231452992182714,0.466743438782935,0.12587179324161304,0.5430178919988895,35.373876896241235,shoreline contamination
LANDSAT_5_2005-01-06,35.41948919299315,29.02013885052848,0.44817771956619556,2.3595980109480315,2.7619119306999655,0.8296626812504787,35.373876896241235,shoreline contamination
LANDSAT_5_2005-01-22,35.41948919299315,33.981844587579445,0.07917811867627911,0.6403568386876723,0.5276866330662148,0.19042301498353245,35.373876896241235,shoreline contamination
LANDSAT_5_2005-02-23,35.41948919299315,32.68194186820474,0.016350979520909928,1.0944665708103556,1.4878882615176932,0.1388415129394531,35.373876896241235,shoreline contamination
LANDSAT_5_2005-03-11,35.41948919299315,34.99555460234996,0.004696478776520374,0.05430908853209253,0.2768038773672067,0.08812514596737134,35.373876896241235,shoreline contamination
LANDSAT_5_2005-03-27,35.41948919299315,35.41948919299315,0.0,0.0,0.0,0.0,35.373876896241235,shoreline contamination
LANDSAT_5_2005-04-12,35.41948919299315,17.17298855351467,0.03473619337612975,11.033878615236768,4.183409688361671,2.994476142503925,35.373876896241235,shoreline contamination
LANDSAT_5_2005-04-28,25.20882397664866,17.32471535657934,0.24369037009803923,4.448000101363837,2.237670144866345,0.954748003741096,35.373876896241235,shoreline contamination
LANDSAT_5_2005-05-30,35.41948919299315,17.834439763987817,1.8278963840547435,8.048007322244086,3.6423469716701136,4.0667987510364,35.373876896241235,shoreline contamination
LANDSAT_5_2005-06-15,35.41948919299315,5.809645479434743,0.7051985520833333,17.1069770783835,5.671094434835996,6.126573648255589,35.373876896241235,shoreline contamination
LANDSAT_5_2005-07-01,35.41948919299315,1.8108083410165825,3.598653192332548,15.71699651223336,6.847580197548062,7.445450949862613,35.373876896241235,shoreline contamination
LANDSAT_5_2005-07-17,35.419489192993154,1.6023481083266313,3.910743935240502,13.977805892161651,9.209522259818284,6.719068997446096,35.373876896241235,shoreline contamination
LANDSAT_5_2005-08-02,35.419489192993154,18.119457640905043,0.15910622056429993,7.485346569805063,8.284925276283415,1.3706534854353363,35.373876896241235,shoreline contamination
LANDSAT_5_2005-08-18,35.41948919299314,34.1134925092127,0.03126573707969516,0.18460234477922027,0.8473697769942935,0.2427588249272366,35.373876896241235,shoreline contamination
LANDSAT_5_2005-09-03,35.419489192993154,25.49791547801058,0.16451919597790282,6.068891886445892,2.4434301879643456,1.2447324445944394,35.373876896241235,shoreline contamination
LANDSAT_5_2005-11-06,35.41948919299315,30.603861603434225,0.49844610842715986,1.3440227378504137,0.9728073282733994,2.000351415007948,35.373876896241235,shoreline contamination
LANDSAT_5_2005-11-22,35.41948919299315,35.41948919299315,0.0,0.0,0.0,0.0,35.373876896241235,shoreline contamination
LANDSAT_5_2006-01-25,35.419489192993154,22.374467268391925,0.6880248429457722,3.8774590781609026,5.899008896802716,2.5805291066918468,35.373876896241235,shoreline contamination
LANDSAT_5_2006-02-10,35.41948919299314,33.00541315347109,0.008857685056200213,0.6227957204111138,1.3917376694312003,0.39068496462354474,35.373876896241235,shoreline contamination
LANDSAT_5_2006-02-26,35.419489192993154,35.419489192993154,0.0,0.0,0.0,0.0,35.373876896241235,shoreline contamination
LANDSAT_5_2006-03-14,35.41948919299315,33.786215649143585,0.009216793586282168,0.6932425284280215,0.6918578827359072,0.2389563390993604,35.373876896241235,shoreline contamination
LANDSAT_5_2006-04-15,35.41948919299314,16.059513618331604,0.6944867174790325,9.514906802959363,5.934002438093597,3.2165796161295575,35.373876896241235,shoreline contamination
LANDSAT_5_2006-05-17,35.419489192993154,7.241962147475298,2.004095556817746,14.718717876823867,5.313887371742399,6.1408262401338485,35.373876896241235,shoreline contamination
LANDSAT_5_2006-06-02,35.41948919299315,2.6033596958366845,4.069787443773456,14.049628202596027,6.832751928543391,7.863961922243604,35.373876896241235,shoreline contamination
LANDSAT_5_2006-06-18,35.41948919299315,6.0719745624258,2.6005511412856155,15.18845498984902,6.445478163452149,5.113030335980583,35.373876896241235,shoreline contamination
LANDSAT_5_2006-07-04,35.41948919299315,3.535051236246745,4.202096763415765,14.479189755754057,6.836425315453623,6.366726122122969,35.373876896241235,shoreline contamination
LANDSAT_5_2006-08-05,35.41948919299315,35.35083247554762,0.0,0.061734508566463696,0.0069222088790594355,0.0,35.373876896241235,shoreline contamination
LANDSAT_5_2006-08-21,35.419489192993154,2.4792905732206454,6.386048872939165,13.97542328544347,7.259554197928634,5.319172263461243,35.373876896241235,shoreline contamination
LANDSAT_5_2006-09-06,35.419489192993154,32.89487263582116,0.01115836683804381,1.4281392119499654,0.5736823010110295,0.5116366773729512,35.373876896241235,shoreline contamination
LANDSAT_5_2006-10-24,35.41948919299315,31.831041721969303,0.14206829615933286,1.3799928159371169,1.7515041027712357,0.3148822561561734,35.373876896241235,shoreline contamination
LANDSAT_5_2006-11-25,35.419489192993154,4.31754285182579,4.905281589585248,13.112918579489316,8.160786037023211,4.922960135069604,35.373876896241235,shoreline contamination
LANDSAT_5_2006-12-11,35.41948919299315,32.471351803734855,0.0,0.5330193180673636,1.3925414173943014,1.022576653796626,35.373876896241235,shoreline contamination
LANDSAT_5_2006-12-27,35.41948919299315,12.800150450889436,5.1809358087636905,8.681363764361208,5.147696485021255,3.609342683957569,35.373876896241235,shoreline contamination
LANDSAT_5_2007-01-28,35.41948919299315,30.399250541726484,0.521543771113377,1.6096491799100991,1.9993066536266852,0.889739046616498,35.373876896241235,shoreline contamination
LANDSAT_5_2007-02-13,35.41948919299315,33.548389572655765,0.07394424064127604,0.7542659848297717,0.7902552558593751,0.25263413900697,35.373876896241235,shoreline contamination
LANDSAT_5_2007-03-17,35.419489192993154,31.303508032513772,0.11632375903799022,1.1999924068196617,2.204683220999923,0.5949817736218022,35.373876896241235,shoreline contamination
LANDSAT_5_2007-04-02,26.29750021353687,15.803240013408578,0.49380932997998994,6.239067404758826,2.018665039261163,1.7427184261283128,35.373876896241235,shoreline contamination
LANDSAT_5_2007-04-18,35.41948919299315,13.039184034699085,2.0555029810096896,12.41597807341931,4.085597481196385,3.823226622668697,35.373876896241235,shoreline contamination
LANDSAT_5_2007-05-04,35.419489192993154,13.496746845786891,0.806521938988779,13.459353348331225,4.135599546161726,3.5212675137245326,35.373876896241235,shoreline contamination
LANDSAT_5_2007-05-20,35.41948919299315,32.13178816171442,0.0,2.1781318731904875,0.11474256486002607,0.9948265932282089,35.373876896241235,shoreline contamination
LANDSAT_5_2007-06-21,35.419489192993154,14.444120922224457,0.6281376951760684,11.992562211038031,3.3413468287425334,5.013321535812078,35.373876896241235,shoreline contamination
LANDSAT_5_2007-07-07,35.419489192993154,4.001056356919233,3.6368827208898202,15.775222319266526,5.569528941209979,6.436798854707606,35.373876896241235,shoreline contamination
LANDSAT_5_2007-07-23,35.41948919299315,14.657504898973665,0.558310858025046,11.018128009322819,7.452436960291244,1.7331084663804,35.373876896241235,shoreline contamination
LANDSAT_5_2007-08-08,35.419489192993154,3.8785886963010308,4.432998815585267,15.017944591827995,6.842080036058612,5.247877053220264,35.373876896241235,shoreline contamination
LANDSAT_5_2007-08-24,35.41948919299315,10.064090360418586,3.6950565339331525,12.367329069723695,6.324557128949333,2.968456099968406,35.373876896241235,shoreline contamination
LANDSAT_5_2007-09-09,35.419489192993154,21.916659621696912,2.6279983350303495,5.231251019435506,3.106178582292145,2.53740163453824,35.373876896241235,shoreline contamination
LANDSAT_5_2008-03-03,35.419489192993154,33.1889751739047,0.18086608513087854,0.7486396766237746,0.9882380405967564,0.31277021673703664,35.373876896241235,shoreline contamination
LANDSAT_5_2008-03-19,35.41948919299315,33.16391258055203,0.02634467656393612,1.0071612965375116,0.6957568008793851,0.5263138384602866,35.373876896241235,shoreline contamination
LANDSAT_5_2008-04-04,35.41948919299315,20.85714266692995,0.2375667479248047,5.824610975253237,4.674935966478535,3.8252328364066335,35.373876896241235,shoreline contamination
LANDSAT_5_2008-05-06,35.41948919299315,27.620189219647553,0.021526075683593746,4.730617639196059,2.4648378161333864,0.5823184423325483,35.373876896241235,shoreline contamination
LANDSAT_5_2008-05-22,35.41948919299315,12.018133383458753,2.738427737728343,11.967592750734818,3.4073482954867496,5.287987025584497,35.373876896241235,shoreline contamination
LANDSAT_5_2008-06-07,35.41948919299315,32.55299379355994,0.036849737465054384,1.2762674874435125,0.8725057098221125,0.6808724647025314,35.373876896241235,shoreline contamination
LANDSAT_5_2008-06-23,35.41948919299315,4.452057240155387,2.1858934239789183,14.469034484432447,5.831152283241423,8.481351761184994,35.373876896241235,shoreline contamination
LANDSAT_5_2008-07-09,35.419489192993154,5.772307533878101,3.266018812248678,12.905342031676053,7.040758638827454,6.4350621763628775,35.373876896241235,shoreline contamination
LANDSAT_5_2008-07-25,35.41948919299314,34.23147074546423,0.030476666491938573,0.35809213573979404,0.665001323275697,0.13444832202148438,35.373876896241235,shoreline contamination
LANDSAT_5_2008-08-10,35.41948919299315,3.282867575037339,6.216316496383367,12.467072206811045,7.200190314991671,6.253042599769741,35.373876896241235,shoreline contamination
LANDSAT_5_2008-08-26,35.41948919299315,1.6969460690487135,5.493011589204675,12.734481408662688,10.498659472560508,4.99639065351658,35.373876896241235,shoreline contamination
LANDSAT_5_2008-09-27,25.319193360715374,25.319193360715374,0.0,0.0,0.0,0.0,35.373876896241235,shoreline contamination
LANDSAT_5_2008-10-29,35.41948919299315,2.4076483840714995,4.781569213697248,16.209820778468714,8.010693330463486,4.009757486292221,35.373876896241235,shoreline contamination
LANDSAT_5_2009-01-17,35.419489192993154,35.419489192993154,0.0,0.0,0.0,0.0,35.373876896241235,shoreline contamination
LANDSAT_5_2009-02-02,35.41948919299315,35.40872511036351,0.0,0.010305288363587621,4.587942660462623E-4,0.0,35.373876896241235,shoreline contamination
LANDSAT_5_2009-02-18,35.41948919299315,34.94021406834021,0.050567219075520836,0.1355501301939721,0.22532392743039598,0.0678338479530484,35.373876896241235,shoreline contamination
LANDSAT_5_2009-03-22,35.419489192993154,35.419489192993154,0.0,0.0,0.0,0.0,35.373876896241235,shoreline contamination
LANDSAT_5_2009-04-07,35.41948919299315,31.77748063518926,0.03805174189070159,2.3531822413186463,0.7420873886072494,0.5086871859872855,35.373876896241235,shoreline contamination
LANDSAT_5_2009-04-23,35.41948919299315,8.190511313754207,1.6888745581150433,14.235598493985043,6.928724230021158,4.3757805971177035,35.373876896241235,shoreline contamination
LANDSAT_5_2009-05-25,35.41948919299315,25.857442662729287,5.647862285539215E-4,4.953656410216088,3.4330294911822157,1.1747958426370062,35.373876896241235,shoreline contamination
LANDSAT_5_2009-06-10,35.41948919299315,16.764664869688744,0.6363540864497166,9.966607282951804,6.975445704886641,1.0764172490162567,35.373876896241235,shoreline contamination
LANDSAT_5_2009-06-26,35.41948919299315,2.458863231687059,4.955828800503599,14.1404632265242,6.632585482328528,7.231748451949775,35.373876896241235,shoreline contamination
LANDSAT_5_2009-07-12,35.41948919299315,2.0777566519057324,4.211618041149663,14.533026418229644,7.824483773509308,6.772604308198816,35.373876896241235,shoreline contamination
LANDSAT_5_2009-07-28,25.949304862477014,25.062324734305577,0.020722867733226104,0.25713570086310894,0.4539087875928693,0.15521277198223038,35.373876896241235,shoreline contamination
LANDSAT_5_2009-09-14,35.41948919299315,12.345026811530614,3.3226312573625165,7.697445076976105,9.14446267884737,2.9099233682765586,35.373876896241235,shoreline contamination
LANDSAT_5_2009-09-30,35.41948919299315,10.0620877150472,4.458826162913602,11.137981319733264,5.938749280194451,3.8218447151046444,35.373876896241235,shoreline contamination
LANDSAT_5_2009-11-17,35.419489192993154,3.9005504405756923,5.866548410290288,12.992798453677908,8.096385791949103,4.563206096500173,35.373876896241235,shoreline contamination
LANDSAT_5_2009-12-03,35.41948919299315,32.414153510177314,0.14177619940065872,0.6381963175599342,1.6547229672947301,0.5706401985605277,35.373876896241235,shoreline contamination
LANDSAT_5_2010-01-20,35.41948919299315,30.48189541380399,3.610414893140607,0.3008492756156173,0.06820047290278416,0.9581291375301592,35.373876896241235,shoreline contamination
LANDSAT_5_2010-02-05,25.31919336071537,25.31919336071537,0.0,0.0,0.0,0.0,35.373876896241235,shoreline contamination
LANDSAT_5_2010-02-21,35.419489192993154,29.10373569600421,0.25666482742130053,2.0049717310288377,3.3269495701976113,0.7271673683411842,35.373876896241235,shoreline contamination
LANDSAT_5_2010-03-09,35.419489192993154,28.137585677787015,0.12785299861653646,2.0146228114923215,3.771656619564281,1.3677710855329925,35.373876896241235,shoreline contamination
LANDSAT_5_2010-03-25,35.419489192993154,7.155341530610927,2.848852768602558,14.278412366548425,4.913303143339268,6.223579383891985,35.373876896241235,shoreline contamination
LANDSAT_5_2010-04-10,35.41948919299315,4.586313945396273,2.3034333511388443,16.536127110480813,5.677107674957874,6.31650711101936,35.373876896241235,shoreline contamination
LANDSAT_5_2010-04-26,35.419489192993154,8.827534938648899,1.0263424035237632,15.19018933357987,5.510380743305282,4.865041773935355,35.373876896241235,shoreline contamination
LANDSAT_5_2010-05-12,35.41948919299315,20.352225138145286,0.02986581484087776,9.280585974580653,4.034650908351525,1.7221613570748122,35.373876896241235,shoreline contamination
LANDSAT_5_2010-05-28,35.41948919299315,16.46121374600518,0.25779114856435736,11.339953559120328,5.637077928765992,1.7234528105373002,35.373876896241235,shoreline contamination
LANDSAT_5_2010-06-13,25.660649420742853,25.092740070231105,0.018813787913602942,0.28311939928241814,0.15961475098134956,0.10636141233436734,35.373876896241235,shoreline contamination
LANDSAT_5_2010-06-29,35.41948919299315,2.8235877332691866,2.6705010914282705,15.610178523925775,6.922338092778224,7.392883751591702,35.373876896241235,shoreline contamination
LANDSAT_5_2010-07-15,35.419489192993154,2.3613663288693894,3.524204569728477,16.95428998350614,5.116136890792548,7.463491420096601,35.373876896241235,shoreline contamination
LANDSAT_5_2010-07-31,35.419489192993154,28.70894326960304,0.5365650465997434,2.281318949628044,2.6726986639715458,1.2199632631907746,35.373876896241235,shoreline contamination
LANDSAT_5_2010-08-16,35.41948919299315,17.500628640127157,2.226037396395814,7.942163697629439,4.656132917492436,3.0945265413483263,35.373876896241235,shoreline contamination
LANDSAT_5_2010-09-01,35.41948919299315,2.051565609927907,5.820172859669404,12.345012360937977,6.4053856064788235,8.797352755979048,35.373876896241235,shoreline contamination
LANDSAT_5_2010-09-17,26.397411007625795,24.75392748382448,0.6430939443550858,0.42820834023868337,0.4147785171855852,0.15740272202196307,35.373876896241235,shoreline contamination
LANDSAT_5_2010-10-03,35.419489192993154,2.0149487658906824,5.510202751687443,15.689379712275493,7.007523344082703,5.197434619056851,35.373876896241235,shoreline contamination
LANDSAT_5_2010-10-19,35.41948919299315,29.251649864410986,0.8072064213867189,2.959914831885242,0.7848521333151425,1.61586594199506,35.373876896241235,shoreline contamination
LANDSAT_5_2010-11-04,35.41948919299315,18.265312934575093,1.6776536148490155,7.698271570896517,3.7538528805099194,4.024398192162607,35.373876896241235,shoreline contamination
LANDSAT_5_2010-11-20,35.41948919299315,35.41948919299315,0.0,0.0,0.0,0.0,35.373876896241235,shoreline contamination
LANDSAT_5_2010-12-22,35.41948919299315,34.68829903596764,0.03191451531862745,0.15005971984384575,0.40589055338781027,0.1433253684752221,35.373876896241235,shoreline contamination
LANDSAT_5_2011-01-23,35.419489192993154,35.41352507273714,0.0,0.0058935388518688726,7.058140414368872E-5,0.0,35.373876896241235,shoreline contamination
LANDSAT_5_2011-02-08,35.41948919299315,33.832482046829504,0.05868988244628906,0.4984233344343596,0.7514883071863512,0.27840562209664144,35.373876896241235,shoreline contamination
LANDSAT_5_2011-03-28,35.41948919299314,26.168667197636616,0.4306315273317822,3.402523167667165,3.9105978397982724,1.5070694605593216,35.373876896241235,shoreline contamination
LANDSAT_5_2011-04-13,35.41948919299315,6.631235393334478,1.7405344565094594,15.744590070386701,4.433603771927178,6.869525500835343,35.373876896241235,shoreline contamination
LANDSAT_5_2011-04-29,35.41948919299314,5.6780354928098165,1.4944319615310968,16.155156957275395,5.248839192153032,6.843025589223826,35.373876896241235,shoreline contamination
LANDSAT_5_2011-05-15,35.419489192993154,5.65347671853458,1.8617542152793733,17.996577673131608,4.197504518978342,5.7101760670692565,35.373876896241235,shoreline contamination
LANDSAT_5_2011-05-31,35.41948919299315,21.881564976397343,0.08143181230133655,7.8556912380754085,2.1111416037813076,3.4896595624377653,35.373876896241235,shoreline contamination
LANDSAT_5_2011-07-02,35.41948919299315,2.862368641764323,2.267624651163737,16.823922152319813,5.814755646110985,7.650818101634307,35.373876896241235,shoreline contamination
LANDSAT_5_2011-07-18,35.41948919299315,27.803626911465507,1.0380699322198603,2.1828504471028647,3.5050307386713966,0.8899111635335287,35.373876896241235,shoreline contamination
LANDSAT_5_2011-08-03,35.419489192993154,2.414124194154029,3.5664668688007426,16.781606953342816,7.523347970272289,5.133943206423292,35.373876896241235,shoreline contamination
LANDSAT_5_2011-08-19,35.41948919299315,16.957082333218427,1.6671797024667774,8.186060706629137,4.381837392286114,4.227329058392694,35.373876896241235,shoreline contamination
LANDSAT_5_2011-09-20,35.41948919299314,35.41948919299314,0.0,0.0,0.0,0.0,35.373876896241235,shoreline contamination
LANDSAT_5_2011-10-06,35.41948919299315,4.620148810522938,2.500392814287971,14.441341605183919,9.958627836413813,3.8989781265845207,35.373876896241235,shoreline contamination
LANDSAT_5_2011-10-22,35.419489192993154,2.415854581995347,3.8007609152616615,16.511198019885487,10.064187000019148,2.6274886758315144,35.373876896241235,shoreline contamination
LANDSAT_5_2011-11-07,35.419489192993154,20.645049318366553,1.157188435929841,7.9871349526654365,3.7424495252637673,1.8876669607675594,35.373876896241235,shoreline contamination
LANDSAT_5_1985-08-11,19.700277153035472,19.700277153035472,0.0,0.0,0.0,0.0,35.373876896241235,shoreline contamination
LANDSAT_5_1986-04-24,19.986483169656182,19.986483169656182,0.0,0.0,0.0,0.0,35.373876896241235,shoreline contamination
LANDSAT_5_1986-12-20,19.700277153035472,9.753296373255118,0.04838541697782628,4.279739658222271,4.942108479145123,0.6767472254351447,35.373876896241235,shoreline contamination
LANDSAT_5_1987-08-01,19.573452563897813,19.573452563897813,0.0,0.0,0.0,0.0,35.373876896241235,shoreline contamination
LANDSAT_5_1988-04-29,19.986483169656182,3.2677600216112324,0.5327454969027651,9.23489049505017,3.150497172155044,3.800589983936983,35.373876896241235,shoreline contamination
LANDSAT_5_1989-08-22,20.151012536412846,19.815873592081694,0.01048800896618413,0.09029704173847272,0.19586723777142698,0.03848665585506664,35.373876896241235,shoreline contamination
LANDSAT_5_1989-10-09,20.151012536412843,20.151012536412843,0.0,0.0,0.0,0.0,35.373876896241235,shoreline contamination
LANDSAT_5_1990-08-25,19.986483169656182,19.872353183852244,0.0,0.017186555458218445,0.08190962657733991,0.015033803768382353,35.373876896241235,shoreline contamination
LANDSAT_5_1992-07-13,20.150447750184295,20.150447750184295,0.0,0.0,0.0,0.0,35.373876896241235,shoreline contamination
LANDSAT_5_1993-07-16,20.15044775018429,19.392402175501196,0.0,0.34462510956169584,0.3743091728826786,0.03911129223872166,35.373876896241235,shoreline contamination
LANDSAT_5_1994-01-08,19.986483169656182,19.85623506829713,0.0,0.09447172127039292,0.002825318057789522,0.032951062030867034,35.373876896241235,shoreline contamination
LANDSAT_5_1994-06-17,20.26280020754824,20.26280020754824,0.0,0.0,0.0,0.0,35.373876896241235,shoreline contamination
LANDSAT_5_1995-09-24,20.114795615859077,20.114795615859077,0.0,0.0,0.0,0.0,35.373876896241235,shoreline contamination
LANDSAT_5_1995-11-11,19.986483169656186,11.780738139995496,0.21830126364075905,2.9861831405148953,2.1172694410304644,2.8839911844745694,35.373876896241235,shoreline contamination
LANDSAT_5_1996-06-06,19.986483169656186,19.707242615279842,0.0,0.0017295822945389094,0.08132565866268385,0.19618531341911763,35.373876896241235,shoreline contamination
LANDSAT_5_1997-05-08,19.700277153035472,19.700277153035472,0.0,0.0,0.0,0.0,35.373876896241235,shoreline contamination
LANDSAT_5_1997-10-15,20.810294894684418,18.424737084204576,0.13406714934225647,0.37288852786793425,1.0111904542260264,0.8674116790436387,35.373876896241235,shoreline contamination
LANDSAT_5_1997-10-31,19.959020366048165,19.959020366048165,0.0,0.0,0.0,0.0,35.373876896241235,shoreline contamination
LANDSAT_5_1999-11-22,20.789187895019513,16.40523601897834,0.23687313871495858,0.7107546833304607,2.0723665462981566,1.3639575076976105,35.373876896241235,shoreline contamination
LANDSAT_5_2000-04-14,19.986483169656182,19.986483169656182,0.0,0.0,0.0,0.0,35.373876896241235,shoreline contamination
LANDSAT_5_2001-01-27,20.151012536412846,18.647247915369366,0.00882934450635723,0.8754790779837816,0.5184524097182329,0.1010037888351141,35.373876896241235,shoreline contamination
LANDSAT_5_2001-02-12,20.262800207548246,20.262800207548246,0.0,0.0,0.0,0.0,35.373876896241235,shoreline contamination
LANDSAT_5_2001-07-22,20.079708263013647,5.293571855739221,1.0276541585717294,7.793378303213085,3.2943755690511076,2.6707283764385146,35.373876896241235,shoreline contamination
LANDSAT_5_2002-02-15,20.262800207548242,19.73897551345884,0.0,0.2776544655378753,0.1605733353798062,0.08559689317172182,35.373876896241235,shoreline contamination
LANDSAT_5_2002-05-06,19.573452563897817,19.573452563897817,0.0,0.0,0.0,0.0,35.373876896241235,shoreline contamination
LANDSAT_5_2002-10-29,19.700277153035472,19.700277153035472,0.0,0.0,0.0,0.0,35.373876896241235,shoreline contamination
LANDSAT_5_2003-06-26,19.573452563897817,18.031155526908115,0.0,0.6910211204235598,0.7351856583898204,0.11609025817631739,35.373876896241235,shoreline contamination
LANDSAT_5_2004-01-04,19.573452563897813,19.55190906618843,0.0,0.0,0.012360888343960631,0.009182609365425858,35.373876896241235,shoreline contamination
LANDSAT_5_2004-02-05,19.147729174294852,19.147729174294852,0.0,0.0,0.0,0.0,35.373876896241235,shoreline contamination
LANDSAT_5_2004-07-30,19.700277153035472,19.700277153035472,0.0,0.0,0.0,0.0,35.373876896241235,shoreline contamination
LANDSAT_5_2004-08-31,19.700277153035472,19.700277153035472,0.0,0.0,0.0,0.0,35.373876896241235,shoreline contamination
LANDSAT_5_2005-02-07,19.647421826356165,19.647421826356165,0.0,0.0,0.0,0.0,35.373876896241235,shoreline contamination
LANDSAT_5_2008-04-20,19.671289678497903,19.671289678497903,0.0,0.0,0.0,0.0,35.373876896241235,shoreline contamination
LANDSAT_5_2009-10-16,19.573452563897817,19.32821782009468,0.0,0.019198101967007507,0.21714340481866573,0.008893237017463236,35.373876896241235,shoreline contamination
LANDSAT_5_2009-11-01,19.700277153035472,19.259603211085892,0.03264390762628293,0.24209372455911077,0.11038883392693015,0.05554747583725872,35.373876896241235,shoreline contamination
