missDate,classified,cloud,openWater,lightNSSed,OSSed,dNSSed,area_ha
LANDSAT_5_1984-04-18,77309.54637354845,33201.80982580857,20670.650903291804,3818.306203986747,8090.598090859393,11528.181349599088,77102.78693711074
LANDSAT_5_1984-05-04,77309.54637354844,37591.60868924803,7455.226577339019,2892.164129851679,16411.68484707977,12958.862130027122,77102.78693711074
LANDSAT_5_1984-05-20,77309.54637354845,57060.083859809725,7429.035586832466,3246.1215578739443,7501.26132701778,2073.044042015832,77102.78693711074
LANDSAT_5_1984-06-05,75594.7641508034,53372.67078117685,1011.0018450383075,3357.874372033125,11752.844642518565,6100.37251003907,77102.78693711074
LANDSAT_5_1984-06-21,77309.54637354844,24495.833681287517,5918.64323489519,9707.802123959369,23220.625178096056,13966.642155309413,77102.78693711074
LANDSAT_5_1984-07-07,77309.54637354845,1116.3357959422901,63375.85998078916,370.942880615663,10458.986630315256,1987.4210858862318,77102.78693711074
LANDSAT_5_1984-07-23,75364.28021042897,38598.2655291681,26522.385298255256,1019.8975640384368,3566.882734692723,5656.84908427285,77102.78693711074
LANDSAT_5_1984-08-08,77309.06508834503,22065.27780855031,39587.24236309152,801.3794230099991,12942.0969863273,1913.068507364513,77102.78693711074
LANDSAT_5_1984-11-12,77309.54637354845,61263.54893576476,4725.890812751916,3399.272799299641,5623.3646183184255,2297.4692074111335,77102.78693711074
LANDSAT_5_1984-12-30,77309.54637354845,68004.0642101412,389.3653831112302,743.8217176010451,3466.1469618060346,4706.148100887256,77102.78693711074
LANDSAT_5_1985-01-31,77309.54637354844,76354.20401645459,21.409354689874426,153.4423801655473,700.1750181362141,80.31560410228535,77102.78693711074
LANDSAT_5_1985-03-20,75301.26846490375,23683.99326484879,40828.34205579248,847.3285982682092,8496.98257537068,1444.6219706200093,77102.78693711074
LANDSAT_5_1985-04-05,75446.78627648496,66932.52402631583,1002.2602087198252,848.1201778960399,4607.868538283315,2056.013325266907,77102.78693711074
LANDSAT_5_1985-04-21,77309.54637354844,63608.63153773806,2194.218130886044,1369.3291656936765,4538.976310075169,5598.391229150899,77102.78693711074
LANDSAT_5_1985-05-07,75474.25891173887,672.8405779788759,67885.217430101,1122.065679992164,5350.483887971636,443.6513356942646,77102.78693711074
LANDSAT_5_1985-06-08,75555.91053902694,75532.1929549324,0.0,19.899037452698934,3.7915286206054684,0.027018021240234377,77102.78693711074
LANDSAT_5_1985-06-24,75537.14623819098,312.2838271672132,67340.28307265634,566.495594615011,6354.974870847142,963.1088729040902,77102.78693711074
LANDSAT_5_1985-07-10,75559.28287516523,60378.41169506471,11238.23339227063,89.47000851802821,1755.992798184381,2097.1749811278905,77102.78693711074
LANDSAT_5_1985-07-26,75525.39068872607,1446.5726845049417,69882.7890990139,174.10049308589404,3166.1027974504113,855.8256146714978,77102.78693711074
LANDSAT_5_1985-08-27,77309.54637354845,2198.9534426092296,61969.061057918516,997.2560484838627,10208.109372082436,1936.1664524536961,77102.78693711074
LANDSAT_5_1985-09-12,77309.54637354844,46.26849498005228,52875.52266498163,6248.26494172707,17512.337178859012,627.1530929996659,77102.78693711074
LANDSAT_5_1985-10-14,77309.54637354844,612.8996674789161,49833.373895606535,5420.516643962643,20857.99989453708,584.7562719625911,77102.78693711074
LANDSAT_5_1985-10-30,77309.54637354845,791.2848861205384,59639.72092003554,3850.646803370165,12575.817451492649,452.07631252923346,77102.78693711074
LANDSAT_5_1985-11-15,77309.54637354845,3938.2885371813204,53590.6794150097,3489.231962566612,15460.72378583338,830.6226729567073,77102.78693711074
LANDSAT_5_1986-03-07,77309.54637354844,75506.89421460638,4.329786737670898,758.3391699428432,998.4852694914115,41.49793277038576,77102.78693711074
LANDSAT_5_1986-03-23,77309.54637354845,45250.66406385627,1846.049478336135,5966.555884994406,10504.239061993561,13742.037884361638,77102.78693711074
LANDSAT_5_1986-05-10,77171.66324295194,76993.22117184792,1.8983198474121088,18.10558853440225,138.29302960144545,20.145133120806495,77102.78693711074
LANDSAT_5_1986-05-26,77119.02738328943,2677.8519620722996,52389.42185787616,2929.9000653088106,16985.711114000682,2136.1423840307,77102.78693711074
LANDSAT_5_1986-06-27,77197.15937077567,2242.030813725698,44396.75990787843,5019.147412002361,20256.313966230624,5282.907270937428,77102.78693711074
LANDSAT_5_1986-07-29,77307.76654858826,10.603945671606924,45120.336328473735,5638.90941246132,26315.119551186464,222.79731079546917,77102.78693711074
LANDSAT_5_1986-08-30,77309.54637354845,12933.692400457556,43414.73838223023,3380.082911598714,16860.360841443973,720.6718378177317,77102.78693711074
LANDSAT_5_1986-09-15,77309.54637354845,1253.5702530826497,48747.8186786205,2656.8211113564857,24069.137225504208,582.1991049848159,77102.78693711074
LANDSAT_5_1986-10-01,77309.54637354845,15486.757763876865,33581.77578694489,2736.8540838259282,19529.571777225814,5974.58696167346,77102.78693711074
LANDSAT_5_1986-11-02,77210.61473497293,5142.7816916660195,46608.15596229295,6169.172722847724,18247.195897268237,1043.3084608957363,77102.78693711074
LANDSAT_5_1986-11-18,77168.96504417848,19118.020200436964,20670.11527702481,9084.154410828993,25571.9588911127,2724.716264774316,77102.78693711074
LANDSAT_5_1986-12-04,77309.54637354845,77250.25508190671,1.5123687017822263,6.058826932983397,21.832233189086857,29.88786281799318,77102.78693711074
LANDSAT_5_1987-02-06,75530.38592033679,69148.92569630782,1132.0184064060472,872.0315909278814,1083.5911465915958,3293.819080102096,77102.78693711074
LANDSAT_5_1987-03-10,77309.54637354844,29073.619168942205,4659.422215565181,8496.709311404866,24121.663823312127,10958.131854322604,77102.78693711074
LANDSAT_5_1987-04-11,77309.54637354845,18005.96407803289,8458.93537843707,8223.79483193643,38218.72976762107,4402.122317518497,77102.78693711074
LANDSAT_5_1987-04-27,77309.54637354845,34189.70889379803,13712.800842225872,2757.1493909069986,12291.607284803145,14358.279961815093,77102.78693711074
LANDSAT_5_1987-05-13,77309.54637354845,69631.97668056397,95.23150887084978,2231.850960823653,3720.4877952623024,1629.9994280279716,77102.78693711074
LANDSAT_5_1987-05-29,75657.34554116029,49476.90272650222,14129.774748965781,1002.1299896218359,6375.482512440724,4673.055563628108,77102.78693711074
LANDSAT_5_1987-06-14,77309.54637354845,29.779966218020018,68999.80143894667,260.5157860337341,6857.3204536096855,1162.1287287387845,77102.78693711074
LANDSAT_5_1987-06-30,77309.54637354845,5195.266413767799,66186.80423460083,341.0523961904118,4756.293235228317,830.1300937605557,77102.78693711074
LANDSAT_5_1987-07-16,77309.54637354844,64406.10506560331,4396.276008603728,200.05425596610544,2737.327653824752,5569.783389544041,77102.78693711074
LANDSAT_5_1987-08-17,77309.54637354845,25990.643683801944,40772.72857754919,987.0476289395016,6292.881985916246,3266.244497340378,77102.78693711074
LANDSAT_5_1987-09-02,77309.54637354845,18076.84134370803,35707.15707941249,975.4690954304365,9918.926995385818,12631.151859609407,77102.78693711074
LANDSAT_5_1987-11-05,77309.54637354845,31722.79992821901,30663.961836001436,1665.2511603788275,10925.272716713913,2332.260732235334,77102.78693711074
LANDSAT_5_1987-11-21,77309.54637354845,55476.17198746237,12012.147153986365,3120.953640182294,4278.224355294689,2422.0492366235667,77102.78693711074
LANDSAT_5_1987-12-23,75685.23934607384,74293.29747633876,50.6626245121279,366.9614828646115,97.51235657627254,876.8054057819694,77102.78693711074
LANDSAT_5_1988-01-08,77309.54637354845,61060.07470220984,1524.7920100904469,4051.879555425627,3850.5567353650076,6822.243370455427,77102.78693711074
LANDSAT_5_1988-01-24,77309.54637354845,76812.99904151751,5.316051592041018,30.146041019002304,352.9958606973885,108.08937872157664,77102.78693711074
LANDSAT_5_1988-02-25,77309.54637354844,32937.31616666619,20851.677991375025,9102.149170835095,12582.684728544733,1835.718316125609,77102.78693711074
LANDSAT_5_1988-04-13,77309.54637354845,1603.1400215653625,54657.70133733172,5246.485927004076,15553.050798950699,249.16828869578885,77102.78693711074
LANDSAT_5_1988-05-31,77309.54637354847,9539.307883565823,37217.761066243984,1698.5123426627401,21276.607892197673,7577.357188879416,77102.78693711074
LANDSAT_5_1988-06-16,77309.54637354845,59554.192975741695,12772.078490202066,607.5983111630044,1985.3100007238158,2390.3665957197463,77102.78693711074
LANDSAT_5_1988-07-02,77309.54637354844,11249.397299605589,60817.819474388765,573.3163956349463,3692.901221412465,976.1119825056738,77102.78693711074
LANDSAT_5_1988-07-18,77309.54637354845,5015.022885246523,62660.72615611236,856.2904834540252,6578.389092486508,2199.1177562494217,77102.78693711074
LANDSAT_5_1988-08-03,77309.54637354844,27782.081083624773,36077.80415815302,534.5003949217956,9965.877437182404,2949.2832996649695,77102.78693711074
LANDSAT_5_1988-08-19,77309.54637354845,2184.2894344457272,66421.63509780893,731.334931280886,6873.54196646313,1098.7449435487147,77102.78693711074
LANDSAT_5_1988-09-04,77309.54637354845,70462.89633419125,3877.22450552548,138.23392475530903,1357.5421358493966,1473.64947322592,77102.78693711074
LANDSAT_5_1988-10-06,77309.54637354847,52956.60524742795,17044.178648432055,1962.0292727356402,4072.0802663617524,1274.6529385869433,77102.78693711074
LANDSAT_5_1988-10-22,77309.54637354845,21381.13598595904,21455.67380177671,1960.9725253584452,18051.170525505942,14460.59353494797,77102.78693711074
LANDSAT_5_1988-11-23,77309.54637354845,6879.314186569552,663.6493225604715,3817.0955606089756,64876.6216143014,1072.865689505628,77102.78693711074
LANDSAT_5_1988-12-09,77309.54637354845,45973.53927098211,2373.399582791762,7883.265611734021,13337.260865146753,7742.081042889389,77102.78693711074
LANDSAT_5_1988-12-25,77309.54637354845,66080.87616054084,1906.3116159428716,2248.998145080596,4304.469658293297,2768.8907936874352,77102.78693711074
LANDSAT_5_1989-01-10,77309.54637354845,48936.553195686414,5730.674902550509,2107.263787801553,11621.634380990428,8913.420106515969,77102.78693711074
LANDSAT_5_1989-01-26,77309.54637354845,31579.66189425295,19092.467347737478,4824.180125664462,14950.533453374628,6862.703552515686,77102.78693711074
LANDSAT_5_1989-02-11,77309.54637354845,76141.18682220914,47.27583355285656,103.07679382769362,730.3463342864933,287.66058967063714,77102.78693711074
LANDSAT_5_1989-02-27,77309.54637354845,76259.85644146761,4.879651329956049,144.91891997047134,829.112626903048,70.77873387852088,77102.78693711074
LANDSAT_5_1989-03-15,77309.54637354845,77309.54637354845,0.0,0.0,0.0,0.0,77102.78693711074
LANDSAT_5_1989-03-31,75123.86099246003,74892.92857615702,4.441785955935014,105.29686097303903,98.48509588587129,22.708673488140054,77102.78693711074
LANDSAT_5_1989-04-16,77309.54637354845,52345.1612716485,3321.035447826095,539.5755416074275,9723.490847995394,11380.283264466349,77102.78693711074
LANDSAT_5_1989-05-02,77309.54637354845,63901.96735511033,4925.179545908132,1215.2611014599247,3801.521678164173,3465.616692904382,77102.78693711074
LANDSAT_5_1989-06-03,77309.54637354844,11743.756887754595,45322.73293701019,2665.0454170256344,13148.060086027808,4429.951045730014,77102.78693711074
LANDSAT_5_1989-06-19,77309.54637354847,162.87521732763528,62339.74206912867,1406.0612661888438,12090.324170464544,1310.5436504375866,77102.78693711074
LANDSAT_5_1989-07-05,77309.54637354845,76157.96614076923,15.365985982055635,284.0406097545901,748.9158393081252,103.25779773451198,77102.78693711074
LANDSAT_5_1989-07-21,77309.54637354844,8847.34729931152,19130.15272469765,12495.576226994914,34595.15786735991,2241.3122551841116,77102.78693711074
LANDSAT_5_1989-08-06,77309.54637354845,20390.448677320866,44186.516447984155,1041.8674461184605,8534.286077154899,3156.42772497031,77102.78693711074
LANDSAT_5_1989-09-23,77309.54637354845,27889.134205647966,42663.44235697508,772.3614248480576,4325.172789759686,1659.435596312089,77102.78693711074
LANDSAT_5_1989-10-25,77309.54637354845,868.0533779076936,31084.940866472894,4134.192933827495,38220.8889074001,3001.4702879381493,77102.78693711074
LANDSAT_5_1989-12-12,77309.54637354845,55024.83870926362,1947.6596034780316,6104.348184970724,8156.85829228257,6075.841583553055,77102.78693711074
LANDSAT_5_1990-01-13,77309.51936373093,53877.424490627316,16981.675509812965,2721.896847297786,2256.95724658733,1471.5652694049031,77102.78693711074
LANDSAT_5_1990-03-18,74849.3948871859,69705.52561472075,502.0015873561224,1026.9006881761015,2741.755512071694,873.211484857164,77102.78693711074
LANDSAT_5_1990-04-03,75568.06331178804,9716.236292152287,52704.02516734527,2104.985484026438,8756.358840803608,2286.457527458666,77102.78693711074
LANDSAT_5_1990-04-19,75441.5539044698,34483.00126238764,17167.601208940825,1096.1748011393709,17828.702009404384,4866.074622597683,77102.78693711074
LANDSAT_5_1990-05-05,77309.54637354845,28373.082208026728,27090.102175836684,2831.7373089786397,10517.708260994377,8496.916419708597,77102.78693711074
LANDSAT_5_1990-05-21,75568.62403826062,24540.718431694884,10778.501485356244,4217.937092428477,18659.655348555156,17371.811680225357,77102.78693711074
LANDSAT_5_1990-06-06,77309.54637354845,30231.478544126338,27466.81345855802,1647.6033003659402,9447.218783555863,8516.432286940106,77102.78693711074
LANDSAT_5_1990-06-22,77309.54637354845,77308.28594034533,0.03601714416503906,0.5761137237548828,0.10805071838378906,0.5402516168212891,77102.78693711074
LANDSAT_5_1990-07-08,77309.54637354845,35577.367134307875,24808.783288416587,685.3259482149427,11717.958503140126,4520.111499469438,77102.78693711074
LANDSAT_5_1990-07-24,77309.54637354845,52.6330372051067,70954.07756093386,175.86898529201633,5899.490840261191,227.47594985707013,77102.78693711074
LANDSAT_5_1990-08-09,77309.54637354845,28259.77111884494,29725.52686123933,1815.4752542787564,13393.854164338025,4114.91897484534,77102.78693711074
LANDSAT_5_1990-09-10,77309.54637354844,3295.736820977542,65254.928528154625,886.9130499117188,5927.305829471188,1944.662145033182,77102.78693711074
LANDSAT_5_1990-09-26,77309.54637354847,31427.724664991307,24048.06008384009,1233.2018542315025,12336.27944352355,8264.280326960845,77102.78693711074
LANDSAT_5_1990-10-12,77309.54637354847,1846.3962911723474,65980.46338072483,2092.212793829126,6877.681219281922,512.7926885388332,77102.78693711074
LANDSAT_5_1990-10-28,77309.54637354845,25413.186869542973,32031.782837638395,5089.249416436039,12806.334171301529,1968.9930786277318,77102.78693711074
LANDSAT_5_1990-11-13,77254.35968876503,77252.52302546916,0.0,1.8276597509765626,0.009003544921875,0.0,77102.78693711074
LANDSAT_5_1990-12-31,77309.54637354845,68155.05270233307,356.85104406976734,1236.4771563924824,6014.278058363241,1546.887412386385,77102.78693711074
LANDSAT_5_1991-02-01,77309.54637354844,54438.537370294165,1191.4318508676192,5013.919715523707,11893.102689354026,4772.554747508957,77102.78693711074
LANDSAT_5_1991-03-21,75739.66309286159,75739.66309286159,0.0,0.0,0.0,0.0,77102.78693711074
LANDSAT_5_1991-04-06,77309.54637354845,14136.995833244175,43780.9322412909,4418.726361745493,9791.590403109492,5181.301534155529,77102.78693711074
LANDSAT_5_1991-04-22,77309.54637354845,25546.36913344879,22338.21566032817,3166.5126235040266,21549.304858965985,4709.144097303607,77102.78693711074
LANDSAT_5_1991-05-08,77309.54637354844,77293.95102928366,0.0,15.47494924077295,0.12039502401912916,0.0,77102.78693711074
LANDSAT_5_1991-05-24,75597.86121358513,74567.8414375156,89.53444653686572,74.58922453742764,507.9154197872582,357.9806852076163,77102.78693711074
LANDSAT_5_1991-06-09,77309.54637354845,77115.3688611218,0.026991195068359373,7.952969433069566,82.90582025184554,103.29173154667153,77102.78693711074
LANDSAT_5_1991-06-25,77309.54637354845,4228.26896134384,38043.916361602984,3985.630590688368,24087.88403155633,6963.846428354505,77102.78693711074
LANDSAT_5_1991-07-11,77309.54637354844,18284.052307539587,21345.053575223537,4411.595215985972,20492.538225900622,12776.307048898412,77102.78693711074
LANDSAT_5_1991-07-27,77309.54637354847,22760.147003543894,40488.38648241481,904.8821779622524,10244.598087630528,2911.532621993946,77102.78693711074
LANDSAT_5_1991-08-12,77309.54637354845,8046.816288381047,44680.61681220299,1047.064314795102,19797.519812459323,3737.5291457112035,77102.78693711074
LANDSAT_5_1991-08-28,77309.54637354845,18.195840182631517,46487.98008501695,1424.1571216450122,29246.327711236983,132.8856154643314,77102.78693711074
LANDSAT_5_1991-09-13,75461.66861549736,62408.407230296216,1226.2757748032795,1991.644865276588,6467.618047173912,3367.7226979460675,77102.78693711074
LANDSAT_5_1991-09-29,77309.54637354845,316.00887736128453,50303.89317741385,1046.6782369389912,25224.902563676354,418.0635181569106,77102.78693711074
LANDSAT_5_1991-10-15,77309.54637354845,24384.455016719836,25981.486880109063,5082.896854241655,18301.446655732903,3559.2609667455786,77102.78693711074
LANDSAT_5_1991-10-31,75368.67697723374,75368.67697723374,0.0,0.0,0.0,0.0,77102.78693711074
LANDSAT_5_1991-12-02,77309.54637354845,45069.199722915735,1312.1957272859452,10859.615369033769,11974.00677619066,8094.528778118072,77102.78693711074
LANDSAT_5_1991-12-18,77309.54637354845,69070.03766067165,306.4601253644625,2155.3387020542455,3956.434490410454,1821.275395045513,77102.78693711074
LANDSAT_5_1992-03-23,77309.54637354844,30774.259789298165,2517.94952847196,16435.70164017597,10701.456788622785,16880.178626976543,77102.78693711074
LANDSAT_5_1992-04-08,77309.54637354844,19401.934652960266,3026.820598941562,4507.114429159017,16607.706271852432,33765.97042063096,77102.78693711074
LANDSAT_5_1992-05-10,77309.54637354845,539.0564367607543,42226.833596574004,5837.479207488914,20025.343865889383,8680.833266833402,77102.78693711074
LANDSAT_5_1992-05-26,77309.54637354845,2111.839282808066,37034.78647590648,2909.084664247645,24355.766585250203,10898.069365334726,77102.78693711074
LANDSAT_5_1992-06-11,77309.54637354847,854.5182424195589,56192.54813746529,675.5214468831052,16514.930506278142,3072.0280405023086,77102.78693711074
LANDSAT_5_1992-06-27,77309.54637354845,5816.939396309205,39999.27443716397,1834.3736023482943,19525.87512445309,10133.083813272628,77102.78693711074
LANDSAT_5_1992-07-29,77309.54637354844,597.9210476962821,56592.0685765965,1179.6418013410837,16671.638024504107,2268.276923410111,77102.78693711074
LANDSAT_5_1992-08-14,77309.54637354844,3793.984726225356,64138.93015006988,1131.738818838589,5713.130866598624,2531.7618118114456,77102.78693711074
LANDSAT_5_1992-08-30,77309.54637354845,22552.53016855343,21432.55231617757,2982.0272891924515,11279.248173780386,19063.188425842873,77102.78693711074
LANDSAT_5_1992-09-15,77309.54637354845,71039.294766232,305.8883191872748,857.3954198369366,2379.3290265635214,2727.6388417238463,77102.78693711074
LANDSAT_5_1992-10-01,77309.54637354845,1088.3822118835799,58317.24569384746,1336.1736894818112,13836.614315083625,2731.1304632509186,77102.78693711074
LANDSAT_5_1992-10-17,77309.54637354845,62042.46290344206,874.8925329407575,4089.5988387075763,8094.009845406502,2208.582253047282,77102.78693711074
LANDSAT_5_1992-12-04,77309.54637354845,70904.82586657905,123.36011984667736,2207.818847161651,2738.7658419065947,1334.7756980515871,77102.78693711074
LANDSAT_5_1992-12-20,77309.54637354845,67095.05945747123,18.41908219996792,2300.5265391318862,5129.7905416225985,2765.750753119601,77102.78693711074
LANDSAT_5_1993-01-05,77309.54637354845,77309.54637354845,0.0,0.0,0.0,0.0,77102.78693711074
LANDSAT_5_1993-02-22,77309.54637354845,76853.07424292942,0.14398269897460939,112.6199145298373,275.28210932258673,68.42612406782088,77102.78693711074
LANDSAT_5_1993-03-26,77309.54637354847,63118.663279793385,28.42738088134771,3526.739442871527,10509.727952349294,125.98831765188629,77102.78693711074
LANDSAT_5_1993-05-13,77309.54637354845,739.0019463395514,58115.381477148054,3276.4888121695294,14038.040692881876,1140.6334450082757,77102.78693711074
LANDSAT_5_1993-05-29,77309.54637354845,41952.41069102452,25934.023393174994,1789.8886237364766,5491.491189047159,2141.732476564364,77102.78693711074
LANDSAT_5_1993-06-14,77309.54637354845,66072.41692863611,292.85286193147937,1360.3960681006656,4765.528427131921,4818.352087744222,77102.78693711074
LANDSAT_5_1993-06-30,77309.54637354844,66663.06281514878,109.86722496649755,1632.9400716433063,7198.295964009842,1705.3802977786788,77102.78693711074
LANDSAT_5_1993-08-01,77309.54637354845,88.63821905483842,68161.92286330165,541.4272451711204,5663.974693981763,2853.5833520372057,77102.78693711074
LANDSAT_5_1993-08-17,77309.54637354845,3554.099683889924,68966.3841064782,647.2979764179782,2992.9460754805996,1148.8185312814219,77102.78693711074
LANDSAT_5_1993-09-18,77309.54637354844,74125.6797212596,698.1675181814495,510.4166521705772,1420.582781190201,554.6997007463596,77102.78693711074
LANDSAT_5_1993-10-04,77309.54637354844,22882.625169934687,34809.89804277091,2123.8619466812174,14207.567950527706,3285.593263635011,77102.78693711074
LANDSAT_5_1993-10-20,77309.54637354844,53669.339414054906,1245.4009918589468,13347.5137556484,6664.178499662951,2383.113712318394,77102.78693711074
LANDSAT_5_1993-11-21,77309.54637354845,52547.11262589674,3792.809934879263,3994.3429476678366,5810.590728323887,11164.690136779986,77102.78693711074
LANDSAT_5_1993-12-07,75877.30558439177,75873.53343733122,0.0,0.5852556982421876,0.18007944396972653,3.006811918334961,77102.78693711074
LANDSAT_5_1993-12-23,77309.54637354845,68614.16564540257,731.0346307367844,954.9487196493762,3156.103581757645,3853.293796000042,77102.78693711074
LANDSAT_5_1994-01-08,77309.54637354845,46910.48630785738,759.5287003829638,8724.913254507515,10810.753807345545,10103.864303450979,77102.78693711074
LANDSAT_5_1994-01-24,77309.54637354845,54929.5859405907,3214.879396130279,6454.816438083026,9291.148992875327,3419.1156058640186,77102.78693711074
LANDSAT_5_1994-02-09,77309.54637354845,77309.45632551072,0.0,0.054028871459960943,0.0,0.036019166259765624,77102.78693711074
LANDSAT_5_1994-03-13,77309.54637354845,74920.86515868884,16.56188617309093,895.1721771951406,1352.5315608888925,124.4155905996004,77102.78693711074
LANDSAT_5_1994-04-30,77309.54637354844,12564.876763487824,31321.48244228813,3914.610386555918,21085.56777601392,8423.009005199663,77102.78693711074
LANDSAT_5_1994-05-16,77309.54637354844,19628.93024408219,28697.855357294495,2993.7363096056815,12954.788048942823,13034.236413623876,77102.78693711074
LANDSAT_5_1994-06-01,77309.54637354845,54.99026962507197,66890.07587052445,732.7909597742532,8481.316967963337,1150.3723056602091,77102.78693711074
LANDSAT_5_1994-07-03,77309.54637354845,273.00340284286864,37143.228239888434,1005.0134379173977,15237.241214960992,23651.060077939,77102.78693711074
LANDSAT_5_1994-07-19,77309.54637354844,71212.35956490664,1488.850128722879,537.5182103423965,2969.0173108868235,1101.8011586922682,77102.78693711074
LANDSAT_5_1994-08-20,75811.1289226975,75713.04000971196,11.439127940286081,5.614189997843426,42.65155854145355,38.38403650582115,77102.78693711074
LANDSAT_5_1994-09-21,77309.54637354845,77137.18943424571,3.8092891632080046,38.48500335746494,98.85219725972742,31.210449522252663,77102.78693711074
LANDSAT_5_1994-11-08,77309.54637354844,62397.155226972216,1891.4923543331613,3320.613216631934,2575.1703304208427,7125.115245190727,77102.78693711074
LANDSAT_5_1994-11-24,77309.54637354845,16096.492980954223,24003.65402510974,2893.1643140555743,21282.092075359156,13034.142978070866,77102.78693711074
LANDSAT_5_1994-12-10,77309.54637354845,72922.19402360734,113.27014696721379,945.1660630561669,3035.631911065238,293.2842288520656,77102.78693711074
LANDSAT_5_1994-12-26,77309.54637354844,12657.276940820975,2095.191136136992,16072.151353125619,35780.971848919195,10703.955094544834,77102.78693711074
LANDSAT_5_1995-02-12,77309.54637354845,65424.60284689756,1348.5816870249478,1241.6719201105443,4001.1121861905267,5293.577733322485,77102.78693711074
LANDSAT_5_1995-02-28,77309.54637354847,77309.39339675159,0.0,0.0,0.0,0.152976796875,77102.78693711074
LANDSAT_5_1995-03-16,77309.54637354845,49085.71659443748,6906.7997423255965,2642.7105280987457,14280.062691910878,4394.256816772109,77102.78693711074
LANDSAT_5_1995-05-19,77309.54637354845,800.6258325460752,65981.09307724325,2366.5850328338393,7345.967679598258,815.274751325407,77102.78693711074
LANDSAT_5_1995-06-04,77309.54637354845,557.2137593243601,30203.92886162816,14113.650607224943,31377.888919390287,1056.864225980069,77102.78693711074
LANDSAT_5_1995-06-20,77309.54637354845,3685.7614055632775,40145.1215093653,1191.402495315223,27121.90694949235,5165.354013810628,77102.78693711074
LANDSAT_5_1995-07-22,77308.39216337042,1589.1264362477236,68366.97645954911,317.6898550478084,5731.544476332332,1303.054936193218,77102.78693711074
LANDSAT_5_1995-08-07,75725.21446181572,18327.044230708947,37608.15373620708,1358.0771214465037,10058.688948643567,8373.250424809221,77102.78693711074
LANDSAT_5_1995-08-23,77263.25698837487,1695.3033229009222,69907.47983020118,355.83370027206104,4389.413882890719,915.226252110593,77102.78693711074
LANDSAT_5_1995-09-08,77180.64488418213,1212.855193262319,64084.08143228626,2461.220706220675,8725.38272851476,697.1048238983326,77102.78693711074
LANDSAT_5_1995-10-10,76944.09024022707,2006.796106063489,61373.70224232924,3639.165186334897,9052.239860164187,872.1868453358467,77102.78693711074
LANDSAT_5_1995-10-26,76947.64670171574,59077.38378904034,7496.037489667623,1865.6630791619507,6707.830337011792,1800.7320068328997,77102.78693711074
LANDSAT_5_1995-11-27,77309.54637354844,77309.51936603013,0.0,0.0,0.0,0.027007518310546874,77102.78693711074
LANDSAT_5_1996-01-30,77309.54637354845,73681.86746479027,566.6519981807776,555.9534248520653,1417.6110081792215,1087.4624775450757,77102.78693711074
LANDSAT_5_1996-02-15,77309.54637354845,75830.51321962857,24.944311672550008,291.9944542532762,1081.3142390829587,80.78014891115181,77102.78693711074
LANDSAT_5_1996-03-02,77309.54637354845,75847.17274826528,150.01438377000542,521.9367919398744,617.5052663414987,172.91718323189042,77102.78693711074
LANDSAT_5_1996-04-19,77309.54637354845,76460.08340126817,3.422179592895509,441.28355733221434,288.4043489662912,116.35288638875573,77102.78693711074
LANDSAT_5_1996-05-05,75881.72816122531,75881.72816122531,0.0,0.0,0.0,0.0,77102.78693711074
LANDSAT_5_1996-05-21,77309.54637354844,33992.64072491317,29931.700908393632,2786.8297010763554,7819.142733530095,2779.2323056316627,77102.78693711074
LANDSAT_5_1996-06-22,77309.54637354847,35854.85587074259,36851.933755316684,316.34544120058365,2925.02288513889,1361.3884211467391,77102.78693711074
LANDSAT_5_1996-07-24,77309.54637354845,34655.710728023034,33583.71518502176,1336.2984237518338,4514.460131682564,3219.3619050675316,77102.78693711074
LANDSAT_5_1996-08-09,75990.66776871405,2396.9260677131374,58357.09461271098,942.1862855051203,13423.132376282496,871.3284265034956,77102.78693711074
LANDSAT_5_1996-08-25,77309.54637354845,3235.5261151155028,67103.60982775922,527.4735084170368,5295.060185218523,1147.8767370366995,77102.78693711074
LANDSAT_5_1996-09-10,77309.54637354844,77309.54637354844,0.0,0.0,0.0,0.0,77102.78693711074
LANDSAT_5_1996-10-12,77309.54637354844,41846.998683850965,11914.973743464689,2028.9317949117,12384.164120710931,9134.478030607974,77102.78693711074
LANDSAT_5_1996-10-28,77309.54637354847,817.8763022225124,61263.83602501141,1799.7533536476824,12557.093319181593,870.9873734827497,77102.78693711074
LANDSAT_5_1996-11-13,77309.54637354844,54850.324868901815,11441.090791308357,1240.2154919984264,8284.139963762673,1493.775257574324,77102.78693711074
LANDSAT_5_1996-11-29,77309.54637354845,63723.499008440966,676.2896435256731,1557.5486345077313,5114.120482089601,6238.088604981929,77102.78693711074
LANDSAT_5_1997-01-16,77309.54637354845,75708.97872220475,205.2760556259107,3.465889998168945,55.1751919939348,1336.6505137257168,77102.78693711074
LANDSAT_5_1997-03-05,77309.54637354845,75719.21839063085,61.677018865966744,796.726208782963,689.8876908343541,42.03706443481445,77102.78693711074
LANDSAT_5_1997-04-22,77309.54637354845,13787.876167763214,49599.98570764551,3617.6899721127133,8132.671608469245,2171.3229175545544,77102.78693711074
LANDSAT_5_1997-06-09,77309.54637354845,37.6104231078958,66077.25829099047,926.9918083065513,9574.607571661692,693.0782794808688,77102.78693711074
LANDSAT_5_1997-06-25,77309.54637354845,6743.001221535813,56628.56543956845,1565.960138330911,5754.977019136471,6617.042554975397,77102.78693711074
LANDSAT_5_1997-07-11,77309.54637354845,3486.9139078857065,31179.880834432945,5238.441714481206,22274.840999539436,15129.46891720907,77102.78693711074
LANDSAT_5_1997-07-27,77309.54637354845,1154.2134992118697,68829.23974652184,349.4724964448926,4548.7513456404395,2427.869285728795,77102.78693711074
LANDSAT_5_1997-08-12,76065.6098104862,76022.32241626468,3.2950878973388678,7.040301522413065,10.823821188031353,22.128183613740823,77102.78693711074
LANDSAT_5_1997-08-28,77309.54637354844,57178.21700175176,15379.224845978968,473.22110446699605,2976.1434714284105,1302.7399499210599,77102.78693711074
LANDSAT_5_1997-09-13,77309.54637354845,73830.63046867214,662.5410832874375,566.3294647183285,781.8942784043682,1468.151078462178,77102.78693711074
LANDSAT_5_1997-11-16,77309.54637354844,7955.107085933497,54859.02467480035,2490.415427014019,10578.176988623802,1426.8221971748862,77102.78693711074
LANDSAT_5_1997-12-18,77309.54637354845,1623.95330643827,54404.293066742306,1015.502369556548,18598.701759298325,1667.0958715112693,77102.78693711074
LANDSAT_5_1998-01-03,76132.17539899488,67023.27945352405,705.2364758094085,2161.610318778391,1061.339911327486,5180.709239551743,77102.78693711074
LANDSAT_5_1998-01-19,77309.54637354845,29198.60320685764,21791.61836143557,4103.982175043043,19123.477788400505,3091.8648418103016,77102.78693711074
LANDSAT_5_1998-02-04,77309.54637354845,16087.612990500165,35951.84736374587,5667.677601322165,15169.395414635865,4433.013003342153,77102.78693711074
LANDSAT_5_1998-03-08,77309.54637354844,76255.88985256791,5.85330822245998,45.00514826571126,607.9342480067551,394.8638164852284,77102.78693711074
LANDSAT_5_1998-03-24,77309.54637354845,2138.3118695840226,57460.51552189075,4037.9062151670432,13534.840009769307,137.97275713803253,77102.78693711074
LANDSAT_5_1998-04-09,77309.54637354845,2716.583926992845,21209.78128950363,4987.226643285029,23262.90405067437,25133.05046309147,77102.78693711074
LANDSAT_5_1998-04-25,77309.54637354845,19599.914040693795,16432.06354128507,3891.770777176707,22629.33017661973,14756.46783777253,77102.78693711074
LANDSAT_5_1998-05-11,77309.54637354845,15368.873224989055,34428.51616458255,4185.701985472568,22372.461925383835,953.9930731169943,77102.78693711074
LANDSAT_5_1998-05-27,77309.54637354845,176.67228462264046,58232.00142364373,617.1189892057757,16499.311012755643,1784.442663319871,77102.78693711074
LANDSAT_5_1998-06-28,77309.54637354845,10537.76136554796,46453.72549047224,1033.054326687274,13356.488162520289,5928.517028316792,77102.78693711074
LANDSAT_5_1998-07-14,77309.54637354844,74247.6832740921,0.03599661743164062,2692.3499637960126,369.324159149593,0.15297989318847655,77102.78693711074
LANDSAT_5_1998-07-30,76058.76888957142,1183.1168094500372,71416.11890725484,212.91400726286471,2732.33004502048,514.2891205840154,77102.78693711074
LANDSAT_5_1998-08-15,77309.54637354845,1005.4580769675637,70701.84759970401,257.5168595410684,5211.404051574545,133.31978576199646,77102.78693711074
LANDSAT_5_1998-08-31,77309.54637354845,46.879562901467786,73673.56516634242,121.91200078113019,2989.944150074218,477.24549345018454,77102.78693711074
LANDSAT_5_1998-09-16,76023.29939332936,37.170650489657554,70385.30726518488,150.05068208283032,5338.134926002638,112.63586957006828,77102.78693711074
LANDSAT_5_1998-10-02,77309.54637354845,1151.0179381926334,62449.155836566046,564.6291008371825,6905.92834547266,6238.815152480364,77102.78693711074
LANDSAT_5_1998-11-03,77309.54637354845,73299.17759248649,2525.3427379975847,119.00976990692054,1069.4850511447728,296.53122201029646,77102.78693711074
LANDSAT_5_1998-12-21,77309.54637354845,58762.89945721557,2622.933279955412,1367.1383498204812,8915.127774278126,5641.4475122760205,77102.78693711074
LANDSAT_5_1999-01-06,77309.54637354844,56395.574953084644,1712.0186720992695,4245.686271333958,5320.906912579759,9635.35956444787,77102.78693711074
LANDSAT_5_1999-02-07,75989.17581584882,55066.23511253408,1426.3276260741898,5582.251285023011,9699.94537480506,4214.416417410949,77102.78693711074
LANDSAT_5_1999-02-23,77309.54637354844,72434.07172221108,553.6911950032211,631.8267296859477,2807.90067096297,882.0560556818533,77102.78693711074
LANDSAT_5_1999-03-11,77309.54637354847,23908.884561465555,35098.743783935046,2465.7825877483697,14134.920745109568,1701.214695287205,77102.78693711074
LANDSAT_5_1999-03-27,77309.54637354844,6882.926265947992,33077.718521237075,3934.706710495193,30047.119766843516,3367.075109024014,77102.78693711074
LANDSAT_5_1999-04-12,77309.54637354847,4894.30116507911,55205.52561182268,3264.5087878453965,13235.456787315337,709.7540214865043,77102.78693711074
LANDSAT_5_1999-04-28,77309.54637354844,663.0515563674493,63600.130423402086,2006.873358021332,10353.320644301359,686.1703914569929,77102.78693711074
LANDSAT_5_1999-05-14,76154.40884770855,637.8285946014832,63413.57850284539,1940.6450769356518,9811.032871675981,351.3238016495809,77102.78693711074
LANDSAT_5_1999-05-30,77309.54637354845,319.044127371209,60785.801475634515,807.8136506339888,12645.30392841944,2751.583191487873,77102.78693711074
LANDSAT_5_1999-06-15,77309.54637354845,59036.346895847295,10982.390644472767,704.6342825597311,4886.215585175068,1699.9589654903302,77102.78693711074
LANDSAT_5_1999-07-01,77309.54637354845,60425.02970913389,8480.208423861453,236.16443379650576,3789.17376427,4378.970042485117,77102.78693711074
LANDSAT_5_1999-07-17,77309.54637354845,8546.823118970082,51799.248903878906,1316.571911686638,12122.612075989178,3524.290363023151,77102.78693711074
LANDSAT_5_1999-08-02,77309.54637354844,7965.825574317114,58196.583037647586,1104.4442908293036,6112.838408012159,3929.855062742137,77102.78693711074
LANDSAT_5_1999-09-03,77309.54637354844,32587.374342133746,23477.812983384385,2465.4661919871814,18516.36188906097,262.5309669819263,77102.78693711074
LANDSAT_5_1999-10-05,77309.54637354845,59947.90768317212,10053.086577961993,734.8195372545666,4037.4951456558792,2536.237429504436,77102.78693711074
LANDSAT_5_1999-10-21,77289.22369436448,73412.52320100971,178.09318975990413,649.2155240912973,1645.868906431912,1403.5228730713225,77102.78693711074
LANDSAT_5_1999-11-06,77309.54637354844,76263.45876624691,613.2411653907859,129.2871884638476,159.73557615419634,143.8236772901203,77102.78693711074
LANDSAT_5_1999-12-08,77309.54637354845,66844.99521484828,1236.2207559865265,1793.1642266325641,3825.0405983253095,3610.12557775209,77102.78693711074
LANDSAT_5_1999-12-24,77309.54637354845,49140.76531500685,17689.26976922284,854.6358412517536,7392.732587471072,2232.1428605940346,77102.78693711074
LANDSAT_5_2000-01-09,76657.52192343076,4120.702371426461,45850.65808839415,3170.759600010997,22657.58181174685,857.8200518506787,77102.78693711074
LANDSAT_5_2000-01-25,76593.02801238654,44067.003174216086,19883.43464774152,1798.510799282174,7221.9026743294335,3622.1767168135957,77102.78693711074
LANDSAT_5_2000-03-13,77309.54637354845,75308.38852391069,88.75985734374993,42.27905394470212,1418.2917704596045,451.8271678872916,77102.78693711074
LANDSAT_5_2000-04-30,77309.54637354844,31736.028039845518,23380.26734604007,2282.9971618627246,10804.767105494722,9105.486720304245,77102.78693711074
LANDSAT_5_2000-05-16,77309.54637354845,232.89014485511044,65140.78382029981,2189.8794936640456,9249.58386656508,496.4090481633782,77102.78693711074
LANDSAT_5_2000-06-17,77309.54637354844,1614.313661971238,66556.44270493285,1556.9632569534256,6545.341303483388,1036.4854462089115,77102.78693711074
LANDSAT_5_2000-07-03,77309.54637354845,34.144932903504575,66088.32782168954,1164.703288806154,8680.208669448986,1342.161660699668,77102.78693711074
LANDSAT_5_2000-07-19,77309.54637354845,835.0337829121864,70743.88532015948,366.9428813357889,4747.019629355127,616.6647597862946,77102.78693711074
LANDSAT_5_2000-08-04,77309.54637354845,8040.14213626094,62356.32996200697,301.3413885018235,5655.374298430403,956.358588348162,77102.78693711074
LANDSAT_5_2000-08-20,77309.54637354845,67332.70461780054,1767.0695120650707,1427.4216341413248,6051.9841550329975,730.3664545079449,77102.78693711074
LANDSAT_5_2000-09-05,77309.54637354845,38.34555582253604,68792.9595759672,800.969074224641,6696.889912039608,980.3822554931103,77102.78693711074
LANDSAT_5_2000-10-07,77309.54637354845,51538.74417594289,15909.272726404995,506.13793937661296,5677.670861852239,3677.7206699669823,77102.78693711074
LANDSAT_5_2000-10-23,77309.54637354845,74664.59035981924,137.66251305421588,623.4005565210973,1631.8476835402696,252.04526061339774,77102.78693711074
LANDSAT_5_2000-11-24,77309.54637354845,7475.772052608958,25681.638167946305,8656.51587786498,25252.336709385276,10243.283565742786,77102.78693711074
LANDSAT_5_2000-12-10,77309.54637354845,56344.139469794354,5412.021750018442,1464.9207682203562,9242.605293603647,4845.85909190831,77102.78693711074
LANDSAT_5_2000-12-26,77309.54637354845,68453.31991125675,684.8428691199281,3721.2756576516986,2372.5632129347773,2077.5447225838047,77102.78693711074
LANDSAT_5_2001-01-11,77309.54637354845,57460.11034139534,1132.331876392508,3591.927928345164,10921.043172535845,4204.1330548743335,77102.78693711074
LANDSAT_5_2001-02-28,76186.74869752281,76186.74869752281,0.0,0.0,0.0,0.0,77102.78693711074
LANDSAT_5_2001-03-16,76176.59733243949,73576.49621022237,2.348169629516601,112.40748155535071,1022.2596364147419,1463.0858346172213,77102.78693711074
LANDSAT_5_2001-04-17,77309.54637354845,2485.735487560008,18139.78283096555,6597.297409785203,15801.242609916228,34285.48803532041,77102.78693711074
LANDSAT_5_2001-05-03,76007.9070593038,75496.20096366297,6.044324426772176,177.08779311844577,125.23113892642957,203.34283916917207,77102.78693711074
LANDSAT_5_2001-05-19,77309.54637354844,55898.92576348836,6979.131113302954,1960.6924077562912,7327.519778219749,5143.277310778377,77102.78693711074
LANDSAT_5_2001-06-04,77309.54637354845,43.3827371886824,58530.11955160087,1983.391363866624,14838.604891062096,1914.047829830541,77102.78693711074
LANDSAT_5_2001-06-20,77309.54637354845,16036.151037391235,43951.793899124095,1381.5865953780933,13010.256492532753,2929.7583491204987,77102.78693711074
LANDSAT_5_2001-08-07,77309.54637354845,36.27358709044455,72481.68945706077,94.13161196348625,4319.012740414096,378.43897702003125,77102.78693711074
LANDSAT_5_2001-08-23,77309.54637354845,394.4391644485111,72392.27606864063,257.013574196808,3693.8585231556362,571.9590431062758,77102.78693711074
LANDSAT_5_2001-09-24,77309.54637354845,23391.023555120097,45816.252837609085,968.623393749067,5283.1721419787455,1850.4744450897615,77102.78693711074
LANDSAT_5_2001-10-26,76277.94691369632,74138.69603740082,125.63647499155302,258.92666274702293,1276.532537211649,478.1552013455076,77102.78693711074
LANDSAT_5_2001-11-11,77309.54637354845,388.1623890654855,70996.51070169822,562.1603172360474,5194.848555062495,167.86441048521743,77102.78693711074
LANDSAT_5_2001-12-29,77309.54637354844,74895.30078212665,63.00728523376485,779.9936679862828,1411.422356329781,159.82228187230527,77102.78693711074
LANDSAT_5_2002-03-03,77309.54637354845,51225.6032340244,14618.846800095384,1532.4794047388327,8458.20380641394,1474.4131282716232,77102.78693711074
LANDSAT_5_2002-05-22,77309.54637354845,26253.21048361251,22683.559537395977,2662.7574970178957,17770.90140421781,7939.11745130459,77102.78693711074
LANDSAT_5_2002-06-07,77309.54637354845,77112.04971593742,1.692441407470704,18.875561385014603,93.7554474414432,83.17320737707703,77102.78693711074
LANDSAT_5_2002-06-23,77309.54637354845,77309.54637354845,0.0,0.0,0.0,0.0,77102.78693711074
LANDSAT_5_2002-07-09,77309.54637354845,10730.293111824547,45601.38463126072,650.6577147442845,14718.651911544966,5608.559004170573,77102.78693711074
LANDSAT_5_2002-08-10,77309.54637354844,69847.51190184493,4023.131807790286,499.08472644602415,1902.8666265919894,1036.9513108745416,77102.78693711074
LANDSAT_5_2002-08-26,77309.54637354845,51034.115919248936,2147.0889459002556,1579.927909042474,10592.169039754426,11956.244559599692,77102.78693711074
LANDSAT_5_2002-09-11,77309.54637354845,8286.99897330069,61180.21500109286,781.4918726622548,5879.032601726122,1181.8079247662279,77102.78693711074
LANDSAT_5_2002-09-27,77309.54637354845,22.47244557287355,71540.95195665804,380.01097252003535,5237.746390286324,128.3646085113715,77102.78693711074
LANDSAT_5_2002-10-13,77309.54637354845,44535.015912692426,22775.621423410936,1050.0309957566185,5763.106380120726,3185.7716615661056,77102.78693711074
LANDSAT_5_2002-11-14,75423.66339803283,74448.31109249205,35.80813509094243,222.0903400189191,477.4910866421522,239.9627437872296,77102.78693711074
LANDSAT_5_2002-11-30,77309.54637354845,12116.284721450345,41855.766032296015,3358.403261394506,14501.52291296467,5477.569445439946,77102.78693711074
LANDSAT_5_2003-01-01,77309.54637354845,77303.00878622787,0.14407604553222655,0.36019762939453126,5.880236403198239,0.15307724243164061,77102.78693711074
LANDSAT_5_2003-01-17,77309.54637354845,25375.293778604828,41175.78759884637,2260.9103737142177,6510.010268946657,1987.544353435227,77102.78693711074
LANDSAT_5_2003-03-06,77309.54637354845,61572.10531263688,443.04256127848987,6545.30550660175,8070.028560892014,679.0644321344516,77102.78693711074
LANDSAT_5_2003-04-07,77309.54637354845,77309.54637354845,0.0,0.0,0.0,0.0,77102.78693711074
LANDSAT_5_2003-04-23,77309.54637354845,10380.750189290493,49843.36251239512,3507.5984457062796,13215.63095494768,362.2042712073748,77102.78693711074
LANDSAT_5_2003-05-09,75374.69750415802,75374.69750415802,0.0,0.0,0.0,0.0,77102.78693711074
LANDSAT_5_2003-05-25,77309.54637354847,13314.244735354356,13937.346978434058,4738.514663419408,34813.65312286756,10505.786873472523,77102.78693711074
LANDSAT_5_2003-07-12,77309.54637354845,36.969744313792525,71051.69673663692,406.74122358873836,5414.231928586272,399.9067404225887,77102.78693711074
LANDSAT_5_2003-07-28,77309.54637354845,213.59194234481146,68577.44852534262,333.5315199800895,6252.110967708842,1932.8634181709822,77102.78693711074
LANDSAT_5_2003-08-13,77309.54637354845,29.039789838826522,71020.54848954774,295.6824067230112,5800.816454468552,163.45923297146913,77102.78693711074
LANDSAT_5_2003-08-29,77309.54637354845,2684.737198518108,68081.29346188363,328.1603050850656,4708.279374726716,1507.0760333347127,77102.78693711074
LANDSAT_5_2003-09-30,77309.54637354845,16751.928151335815,52820.33699792677,907.7276324526388,5069.697815055523,1759.8557767763841,77102.78693711074
LANDSAT_5_2003-10-16,77309.54637354845,1320.7755245274604,71413.92107548052,1764.3584010385962,2639.2857324962833,171.20564000639052,77102.78693711074
LANDSAT_5_2003-11-01,77309.54637354845,71969.26214798645,158.14879946766473,788.2231276790646,2617.152868587319,1776.7594298261806,77102.78693711074
LANDSAT_5_2003-12-03,77309.54637354845,1039.3874462790225,73397.60647368521,543.4919654418675,1785.9263284649012,543.1341596781964,77102.78693711074
LANDSAT_5_2003-12-19,77309.54637354844,4195.452959226637,46287.922478377244,2807.291291934916,21945.749585416088,2073.130058592946,77102.78693711074
LANDSAT_5_2004-02-21,77309.54637354845,64932.89301880049,789.1519694084396,3698.522815934791,5797.654672677891,2091.3238967238494,77102.78693711074
LANDSAT_5_2004-03-08,77309.54637354845,42766.498131714434,18628.678360839232,1963.6783142815525,10929.36443554675,3021.327131163282,77102.78693711074
LANDSAT_5_2004-04-09,77309.54637354844,63352.67040911103,4536.141006143041,1107.4029538493996,6312.40878514264,2000.9232193009807,77102.78693711074
LANDSAT_5_2004-05-11,77309.54637354845,77309.54637354845,0.0,0.0,0.0,0.0,77102.78693711074
LANDSAT_5_2004-06-12,77309.54637354844,14857.83168232718,39210.167909148986,2089.381110866649,12413.633019434857,8738.532651771437,77102.78693711074
LANDSAT_5_2004-06-28,77309.54637354847,1983.8448405309841,64588.842120724265,469.19560762374607,9475.445536221938,792.2182684472451,77102.78693711074
LANDSAT_5_2004-07-14,77309.54637354845,4152.07030332965,66089.0963466971,562.0753938132713,5846.111478863152,660.1928508440614,77102.78693711074
LANDSAT_5_2004-08-15,77309.54637354845,14709.386648966774,44027.74526486603,585.830632619941,7993.992362100287,9992.591464992292,77102.78693711074
LANDSAT_5_2004-09-16,77309.54637354845,13467.920451838872,52637.72956003681,1689.3992814430153,8282.458053844577,1232.0390263833972,77102.78693711074
LANDSAT_5_2004-10-02,77309.54637354847,3830.2681449718075,33564.4099034621,1318.5500850860954,16555.798837970335,22040.519402057023,77102.78693711074
LANDSAT_5_2004-10-18,75438.3204241563,74750.69526313966,159.38636100103986,16.081352478874653,378.6772699298432,133.48017760534165,77102.78693711074
LANDSAT_5_2004-11-03,77309.54637354845,510.97821759349483,72181.35321396984,879.6335327052228,3483.782309833473,253.79909944662398,77102.78693711074
LANDSAT_5_2004-11-19,75455.32265337127,75455.31365557769,0.0,0.0,0.0,0.008997793579101562,77102.78693711074
LANDSAT_5_2004-12-05,77309.54637354845,67117.1299039438,4451.175567100851,2640.1922482141235,422.59820742810774,2678.45044685765,77102.78693711074
LANDSAT_5_2005-01-06,77309.54637354845,21057.148818849422,38676.971917911585,2349.5147536112772,12988.67783911732,2237.233044056349,77102.78693711074
LANDSAT_5_2005-01-22,77309.54637354844,54732.84063959599,12342.147951391877,1979.4230657029127,5337.007224607897,2918.1274922468397,77102.78693711074
LANDSAT_5_2005-02-23,77309.54637354845,42376.46876275364,23182.705296095526,3399.8016359115063,6629.541428597927,1721.0292501883353,77102.78693711074
LANDSAT_5_2005-03-11,77309.54637354845,51422.00366332045,6170.465691426942,2359.0858130086135,12248.783304984212,5109.207900802321,77102.78693711074
LANDSAT_5_2005-03-27,77309.54637354847,77308.73659813221,0.17095093078613283,0.0,0.03599079162597656,0.6028336938476563,77102.78693711074
LANDSAT_5_2005-04-12,77309.54637354845,10080.136626649259,37157.89971892109,3916.6486619770135,9635.287785231938,16519.573580767916,77102.78693711074
LANDSAT_5_2005-04-28,75347.58979069664,49989.474743044724,16725.876190587172,1365.7243094375203,4436.379868956896,2830.1346786686063,77102.78693711074
LANDSAT_5_2005-05-30,77309.54637354845,47560.30680372502,21783.160734266683,1042.266226650709,4094.9994738659866,2828.8131350375234,77102.78693711074
LANDSAT_5_2005-06-15,77309.54637354845,2340.132843772148,59963.31144351625,1293.9039875892015,8697.309043880978,5014.88905478702,77102.78693711074
LANDSAT_5_2005-07-01,77309.54637354844,282.630813532813,65011.532456366265,653.8012369937467,6485.094671657766,4876.487194996477,77102.78693711074
LANDSAT_5_2005-07-17,77309.54637354845,30.600124707751682,69013.9006843962,250.42016602466472,6734.891225155756,1279.734173264718,77102.78693711074
LANDSAT_5_2005-08-02,77309.54637354845,25013.380912030596,18971.458175515385,2071.1346916809493,23040.660802141512,8212.911792177849,77102.78693711074
LANDSAT_5_2005-08-18,77309.54637354845,69875.03621986814,688.8521856331033,40.81609888488769,3453.3522552893855,3251.4896138731388,77102.78693711074
LANDSAT_5_2005-09-03,77309.54637354844,38719.13779631238,16630.557449472177,958.4703577256442,8001.748605193791,12999.632164844752,77102.78693711074
LANDSAT_5_2005-11-06,77309.54637354845,65945.34513518738,7774.941796786019,287.8529680400133,2382.4218986657756,918.984574865207,77102.78693711074
LANDSAT_5_2005-11-22,77309.54637354844,77122.2463315891,61.30047648182422,5.053246165151559,93.3258665456687,27.620452766857596,77102.78693711074
LANDSAT_5_2006-01-25,77309.54637354844,23615.96531929305,31831.8351640544,824.9421094951666,18049.87231251183,2986.931468195716,77102.78693711074
LANDSAT_5_2006-02-10,77309.54637354844,46433.65740347805,576.5398934741805,14770.641159670124,13790.994715229766,1737.7132016952191,77102.78693711074
LANDSAT_5_2006-02-26,77309.54637354845,76768.45148630513,16.278744818543714,39.86711163394463,434.76893218406275,50.18009860714162,77102.78693711074
LANDSAT_5_2006-03-14,77309.54637354845,64744.35329436821,1465.7359045948283,1986.8221296473841,5195.964821450561,3916.670223483275,77102.78693711074
LANDSAT_5_2006-04-15,77309.54637354845,17222.37727716109,46646.26977250393,2018.6703703579844,7615.52734089667,3806.701612626921,77102.78693711074
LANDSAT_5_2006-05-17,77309.54637354845,7484.50524771169,50608.71859920486,3319.578070538292,8973.369628107845,6923.374827981829,77102.78693711074
LANDSAT_5_2006-06-02,77309.54637354844,108.68813902603016,69711.20928366431,288.16129706090703,6331.803777149074,869.6838766466898,77102.78693711074
LANDSAT_5_2006-06-18,77309.54637354845,2413.82211489442,57649.45557520842,615.2173323526612,7406.853746807352,9224.197604284822,77102.78693711074
LANDSAT_5_2006-07-04,77309.54637354847,1084.4026554300308,67153.14096456306,285.47835828937616,4536.731084706562,4249.793310558752,77102.78693711074
LANDSAT_5_2006-08-05,77309.54637354845,77247.264942367,7.848994271082255,10.638104867596796,19.03519924303721,24.759132799696996,77102.78693711074
LANDSAT_5_2006-08-21,77309.54637354845,348.7118807481729,73049.58036744784,201.72730484600217,3460.0771341340132,249.44968637226557,77102.78693711074
LANDSAT_5_2006-09-06,77309.54637354845,74779.95172985425,1322.5494313440513,129.3606034926442,874.63469304766,203.04991580684595,77102.78693711074
LANDSAT_5_2006-10-24,77309.54637354845,64615.82677342565,2712.1989724512737,1073.5825323765334,3532.6624619629947,5375.275633325717,77102.78693711074
LANDSAT_5_2006-11-25,77309.54637354845,686.2190587921706,67275.73745515638,658.394346076856,6461.7645814899,2227.430932031438,77102.78693711074
LANDSAT_5_2006-12-11,77309.54637354845,54769.050987037816,441.68280662039666,3170.9370837307224,16627.939991330783,2299.9355048262405,77102.78693711074
LANDSAT_5_2006-12-27,77309.54637354845,9656.742116867632,57654.125457622526,1224.4201981485999,6731.494632100605,2042.7639688086658,77102.78693711074
LANDSAT_5_2007-01-28,77309.54637354844,23774.253921041956,37636.71823674439,1356.9725187090996,11220.166956686775,3321.4347403627808,77102.78693711074
LANDSAT_5_2007-02-13,77309.54637354845,56688.554086615535,1155.0621786108725,10082.646924306617,6843.3248734112185,2539.958310601268,77102.78693711074
LANDSAT_5_2007-03-17,77267.43441956778,16628.38770019078,43687.82223553286,3051.859306637696,13562.608918733651,336.7562584717724,77102.78693711074
LANDSAT_5_2007-04-02,75755.42169309274,32654.931733660535,30201.499035394692,2065.8595609767044,8099.872814761164,2733.2585482973814,77102.78693711074
LANDSAT_5_2007-04-18,77306.09319319122,2632.348824859384,51805.78059561612,2157.2190955370884,11416.889592345593,9293.855084830559,77102.78693711074
LANDSAT_5_2007-05-04,77309.54637354845,4150.790524673699,62101.12611824164,2038.108696317922,7394.534177529436,1624.986856785289,77102.78693711074
LANDSAT_5_2007-05-20,77309.54637354845,64962.52397727675,163.58016745670727,309.65241643906705,3616.8922231149736,8256.897589260574,77102.78693711074
LANDSAT_5_2007-06-21,77309.54637354845,52877.44833328519,16175.017627511204,965.2735359816111,4871.616289612325,2420.1905871570607,77102.78693711074
LANDSAT_5_2007-07-07,77309.54637354845,88.87282507711511,71882.91288714405,300.70253823180917,4522.415887826867,514.6422352700706,77102.78693711074
LANDSAT_5_2007-07-23,77309.54637354845,23892.256269883514,33051.10802169928,2061.941405189679,14952.812369944799,3351.4283068292607,77102.78693711074
LANDSAT_5_2007-08-08,77309.54637354845,68.68387068796899,73271.43899038494,234.75028597267553,3462.642754269401,272.0304722329996,77102.78693711074
LANDSAT_5_2007-08-24,77309.54637354845,11057.295880435477,58022.072788216814,701.8661931063143,6245.709807220588,1282.6017045662206,77102.78693711074
LANDSAT_5_2007-09-09,77309.54637354847,33191.789234552125,38330.32080935573,993.4100039101822,2815.293276854112,1978.7330488734203,77102.78693711074
LANDSAT_5_2008-03-03,77309.54637354845,46534.62258168498,17666.54421135985,4795.176924280423,6268.826726960695,2044.3759292574623,77102.78693711074
LANDSAT_5_2008-03-19,77309.54637354845,28051.311170822093,34456.11717818592,2470.7291206030477,11526.527916853112,804.8609870819315,77102.78693711074
LANDSAT_5_2008-04-04,77309.54637354845,7767.886568452607,56141.47828293715,1064.2480669986303,12021.908551144723,314.02490401340157,77102.78693711074
LANDSAT_5_2008-05-06,77309.54637354845,45868.43088660986,10357.828810697472,4790.769661744149,13969.621683040086,2322.895331455496,77102.78693711074
LANDSAT_5_2008-05-22,77309.54637354845,40863.84350739351,21768.612894695194,2175.4778948344074,9641.015495454863,2860.59658116959,77102.78693711074
LANDSAT_5_2008-06-07,77309.54637354845,64104.91289457772,3383.8681086213323,454.5789670612439,4270.627253675735,5095.559149607847,77102.78693711074
LANDSAT_5_2008-06-23,77309.54637354845,2862.6864505077633,60125.171240756215,1715.5826162555531,9907.492667844303,2698.6133981834055,77102.78693711074
LANDSAT_5_2008-07-09,77309.54637354844,4663.484537701788,57615.50086972486,457.39550073198905,9929.83680651378,4643.3286588751425,77102.78693711074
LANDSAT_5_2008-07-25,77309.54637354844,71793.5578463079,576.7593748395441,584.3358466340351,2054.948273077226,2299.9450326887854,77102.78693711074
LANDSAT_5_2008-08-10,77309.54637354847,959.9138722095875,72858.65227091925,261.21231049607144,2785.00569201892,444.7622279062315,77102.78693711074
LANDSAT_5_2008-08-26,77309.54637354845,27.949380331887618,71058.64778526165,136.295238507666,5819.581269975607,267.0726994720711,77102.78693711074
LANDSAT_5_2008-09-27,75430.99586054013,70675.71113719471,248.3304580885498,507.17504962852087,1753.2555002192362,2246.5237154070232,77102.78693711074
LANDSAT_5_2008-10-29,77309.54637354845,770.3854016787459,68572.33807827045,1498.8531650790942,6134.581547240546,333.3881812773623,77102.78693711074
LANDSAT_5_2009-01-17,77309.54637354845,77196.94764235019,0.0,62.55811296264647,22.683934465942375,27.356683769531205,77102.78693711074
LANDSAT_5_2009-02-02,77309.54637354845,76592.6929529447,2.339853299560547,375.56953161211123,289.97605450560667,48.96798118637488,77102.78693711074
LANDSAT_5_2009-02-18,77309.54637354844,73165.71731229678,426.22138277477615,465.3103743044144,2281.1866801197416,971.1106240524401,77102.78693711074
LANDSAT_5_2009-03-22,77309.54637354845,75265.85904138474,0.6927373455810547,257.4230318089593,1649.3049360829862,136.266626926279,77102.78693711074
LANDSAT_5_2009-04-07,77309.54637354844,22683.195765831617,44436.44377964261,1488.9187938799387,6517.671304976469,2183.3167292166027,77102.78693711074
LANDSAT_5_2009-04-23,77309.54637354845,10932.105997552106,39765.28973315309,2145.050729970325,12864.520518523566,11602.579394348892,77102.78693711074
LANDSAT_5_2009-05-25,77309.54637354844,61912.208879688165,303.65447338928436,1608.0605664630505,5281.836854682495,8203.785599326058,77102.78693711074
LANDSAT_5_2009-06-10,77309.54637354844,20712.324251459293,34138.37513858343,2713.2516402820143,10600.772590458899,9144.822752764307,77102.78693711074
LANDSAT_5_2009-06-26,77309.54637354845,28.194046126201567,72915.59937692054,256.79807548974367,3648.5486904353393,460.406184577459,77102.78693711074
LANDSAT_5_2009-07-12,77309.54637354845,27.420127489202773,72147.7550070596,295.60617474255304,4296.568742091942,542.1963221669255,77102.78693711074
LANDSAT_5_2009-07-28,75636.4475641647,69059.14057015389,1267.270424111463,280.31432326473544,3206.768036726943,1822.9542099075413,77102.78693711074
LANDSAT_5_2009-09-14,77309.54637354845,7123.235456406463,61013.37280360628,512.9750848435214,7139.692412357192,1520.2706163309342,77102.78693711074
LANDSAT_5_2009-09-30,77309.54637354844,31216.614691354705,34744.59610991657,1419.5627138164239,8044.40185398647,1884.37100447188,77102.78693711074
LANDSAT_5_2009-11-17,77309.54637354845,1629.2733753113566,68868.26723858563,364.38584308269554,5991.620109513924,455.99980705187556,77102.78693711074
LANDSAT_5_2009-12-03,77309.54637354845,69258.99872008858,841.0805787305634,2562.753485844751,3241.888236406435,1404.8253524730903,77102.78693711074
LANDSAT_5_2010-01-20,77309.38439744066,52816.62311719095,23618.307784787026,216.12803416818608,51.23213441436412,607.0933268799001,77102.78693711074
LANDSAT_5_2010-02-05,75413.89239495118,75413.89239495118,0.0,0.0,0.0,0.0,77102.78693711074
LANDSAT_5_2010-02-21,77309.54637354845,17277.74164438741,36172.29240202303,3744.4787606536734,16606.006999404253,3509.026567077521,77102.78693711074
LANDSAT_5_2010-03-09,77309.54637354845,24672.738119309408,9465.615418963316,5931.636329138176,30533.93063974222,6705.625866395485,77102.78693711074
LANDSAT_5_2010-03-25,77309.54637354845,1908.8668518485797,66863.04215257464,2082.6310556878266,5604.1210454283855,850.8852680073568,77102.78693711074
LANDSAT_5_2010-04-10,77309.54637354844,737.6162793541994,68922.32473973028,1702.4176275835523,5485.704139583011,461.48358729786446,77102.78693711074
LANDSAT_5_2010-04-26,77309.54637354844,794.6696946973141,54257.566776693435,2123.295587303129,6904.830191405357,13229.184123446881,77102.78693711074
LANDSAT_5_2010-05-12,77309.54637354845,27545.832436469467,18456.45349420496,3052.486699510136,10650.760057407555,17604.013685955317,77102.78693711074
LANDSAT_5_2010-05-28,77309.54637354845,10720.070878552719,9373.768156356798,2662.4383501173634,21687.471500396496,32865.797488123746,77102.78693711074
LANDSAT_5_2010-06-13,75515.3290362666,72592.3861230414,190.50862234295073,464.4705651033141,2000.3085761598902,267.65514962069824,77102.78693711074
LANDSAT_5_2010-06-29,77309.54637354845,387.3901093222706,63838.38734473559,989.8203343194712,10629.884853132342,1464.0637320380965,77102.78693711074
LANDSAT_5_2010-07-15,77309.54637354845,63.43477643011112,69431.19121036935,530.5803574625824,6100.600273183153,1183.7397561028517,77102.78693711074
LANDSAT_5_2010-07-31,77309.54637354844,26138.6964915508,39811.63122677177,601.694486077107,8055.68605803381,2701.838111114738,77102.78693711074
LANDSAT_5_2010-08-16,77309.54637354844,21942.597715129945,46067.94258847083,920.2891081758935,6366.639115579084,2012.077846193019,77102.78693711074
LANDSAT_5_2010-09-01,77309.54637354844,27.608790422549934,72493.4263733761,93.29131846571255,3872.97294917364,822.2469421111897,77102.78693711074
LANDSAT_5_2010-09-17,75874.08449216974,62995.56637350155,6564.292574673106,301.87246075371297,4280.569145821342,1731.7839374176938,77102.78693711074
LANDSAT_5_2010-10-03,77309.54637354845,420.3175781345272,67124.3687819024,2206.72061194978,6969.041067377738,589.0983341818134,77102.78693711074
LANDSAT_5_2010-10-19,77309.54637354845,68252.16750079564,1644.8049786565277,485.50576517361156,3889.9217146927654,3037.146414226085,77102.78693711074
LANDSAT_5_2010-11-04,77309.54637354845,41697.58230719056,24070.0433967963,1352.6647148500638,7483.1739139549045,2706.0820407545925,77102.78693711074
LANDSAT_5_2010-11-20,77309.54637354845,77309.36630642138,0.0,0.0,0.1350511376953125,0.04501598937988281,77102.78693711074
LANDSAT_5_2010-12-22,77309.54637354845,61082.26942869061,5922.922672135771,425.5177846650853,7190.053689005085,2688.782799048724,77102.78693711074
LANDSAT_5_2011-01-23,77309.54637354845,77088.25188333397,11.90555700756598,26.304213852182468,134.31000685023398,48.77471250460753,77102.78693711074
LANDSAT_5_2011-02-08,77309.54637354845,49926.244331537106,6421.142379426155,3959.7874591610243,11052.968844034538,5949.403359385864,77102.78693711074
LANDSAT_5_2011-03-28,77309.54637354845,5874.908349495246,49962.14581129086,4500.277076631022,15107.079905884244,1865.13523024758,77102.78693711074
LANDSAT_5_2011-04-13,77309.54637354845,748.9899213312049,64335.97639899465,2311.4540489166425,9052.150748921753,860.9752553828419,77102.78693711074
LANDSAT_5_2011-04-29,77309.54637354845,662.5880096901135,58862.98467728679,3254.847505395801,13789.158528049147,739.9676531256721,77102.78693711074
LANDSAT_5_2011-05-15,77309.54637354845,639.4464109014222,62288.2133063958,3203.4709418752836,8181.700013968169,2996.7157004063943,77102.78693711074
LANDSAT_5_2011-05-31,77309.54637354845,52258.58170539029,5078.518876702699,1291.645192036794,15728.404291469587,2952.396307948958,77102.78693711074
LANDSAT_5_2011-07-02,77309.54637354844,195.46287198434482,64365.17122560757,1233.6166549891457,8444.065665771815,3071.229955195817,77102.78693711074
LANDSAT_5_2011-07-18,77309.54637354845,29200.531766637345,26176.302332576826,2905.757486977041,14814.523009835282,4212.431777521213,77102.78693711074
LANDSAT_5_2011-08-03,77309.54637354847,4799.6257813283655,48974.03378708478,5706.343744543712,16575.05568226703,1254.4873783224516,77102.78693711074
LANDSAT_5_2011-08-19,77309.54637354845,27493.813481530633,37922.746043431,361.8950919004051,10388.867690569326,1142.2240661149776,77102.78693711074
LANDSAT_5_2011-09-20,77309.54637354845,77309.54637354845,0.0,0.0,0.0,0.0,77102.78693711074
LANDSAT_5_2011-10-06,77309.54637354845,388.24552439235,66635.9042466366,1873.641588701285,8146.446131013017,265.30888280333875,77102.78693711074
LANDSAT_5_2011-10-22,77309.54637354847,963.8555600299987,67467.46042547328,1931.769169865831,6827.5261169010355,118.93510127708998,77102.78693711074
LANDSAT_5_2011-11-07,77309.54637354845,54361.203381517174,11593.791485438778,1831.9605251699709,7357.914817932375,2164.676163486848,77102.78693711074
LANDSAT_5_1985-08-11,15786.720843988624,15735.612412149028,16.20807553039552,6.029663018188481,9.17070361022949,19.699989680786086,77102.78693711074
LANDSAT_5_1986-04-24,16529.41182329307,16529.41182329307,0.0,0.0,0.0,0.0,77102.78693711074
LANDSAT_5_1986-12-20,15725.682110858916,1788.2674060776662,476.1910004603963,4413.217019903335,7561.780728338774,1486.2259560796424,77102.78693711074
LANDSAT_5_1987-08-01,15602.058880979468,15602.058880979468,0.0,0.0,0.0,0.0,77102.78693711074
LANDSAT_5_1988-04-29,17201.39855829024,19.006165660517674,8512.873279165582,801.4173689139647,7719.520682075544,148.58106247589478,77102.78693711074
LANDSAT_5_1989-08-22,17536.495969760144,15122.435821932568,1889.1220291429495,73.0869848139502,304.3590800827283,147.49205378742064,77102.78693711074
LANDSAT_5_1989-10-09,17578.053013002835,17578.053013002835,0.0,0.0,0.0,0.0,77102.78693711074
LANDSAT_5_1990-08-25,17083.08715612434,16951.257662636537,16.324119143676743,9.39273374597408,69.54101770099734,36.57162289705158,77102.78693711074
LANDSAT_5_1992-07-13,17448.488261780418,17448.488261780418,0.0,0.0,0.0,0.0,77102.78693711074
LANDSAT_5_1993-07-16,17451.289367988076,17014.043212929897,0.009213172973632812,66.57575678747567,241.88423557201062,128.77694952610085,77102.78693711074
LANDSAT_5_1994-06-17,17966.7410815203,17966.7410815203,0.0,0.0,0.0,0.0,77102.78693711074
LANDSAT_5_1995-09-24,17310.213029418086,17310.213029418086,0.0,0.0,0.0,0.0,77102.78693711074
LANDSAT_5_1995-11-11,16955.8236444829,7462.388418862767,2236.4223177393865,2171.869660229649,3210.279262304367,1874.8639853474488,77102.78693711074
LANDSAT_5_1996-06-06,16870.722219138028,16786.533782492443,0.0,0.387041414794922,75.01436257324201,8.787032657590375,77102.78693711074
LANDSAT_5_1997-05-08,15835.006232814969,14676.717819597745,34.833170698433605,59.32941049318557,843.7952954844841,220.3305365410875,77102.78693711074
LANDSAT_5_1997-10-15,19768.31622643002,17175.043520232306,948.0970044374614,61.227687924632164,1147.5127859547702,436.43522788128735,77102.78693711074
LANDSAT_5_1997-10-31,16454.72535507753,16418.971669458024,1.6465316748046863,3.3032236739334446,30.471017026115916,0.3329132446289063,77102.78693711074
LANDSAT_5_1999-11-22,19726.280032519353,15544.499230297675,164.42264743483867,1164.0339500413852,2193.809460767211,659.5147439787626,77102.78693711074
LANDSAT_5_2000-04-14,17121.442505812505,17121.442505812505,0.0,0.0,0.0,0.0,77102.78693711074
LANDSAT_5_2001-01-27,17681.513935508025,8165.891503566663,2326.3360732671076,2277.789266100316,4272.689446411683,638.8076461629685,77102.78693711074
LANDSAT_5_2001-02-12,17992.28156667319,17962.01605769615,0.0,18.95558082580566,0.0,11.309928151245115,77102.78693711074
LANDSAT_5_2001-07-22,17364.629907723902,1657.886738437648,11118.639153005475,287.62357462888133,2895.86711539949,1404.6133262530766,77102.78693711074
LANDSAT_5_2002-02-15,17929.926372928443,17481.4304331295,23.814331833690016,148.1174139114334,205.73102954228858,70.83316451170941,77102.78693711074
LANDSAT_5_2002-05-06,15537.603213815806,15537.585215146373,0.0,0.0,0.01799866943359375,0.0,77102.78693711074
LANDSAT_5_2002-10-29,15917.743843316763,15917.743843316763,0.0,0.0,0.0,0.0,77102.78693711074
LANDSAT_5_2003-06-26,15360.943498561905,13077.052894923154,22.283892639160165,293.25525961486164,1417.451693189426,550.899758195838,77102.78693711074
LANDSAT_5_2004-01-04,15537.866649922298,15313.16147175848,2.7287795989990236,17.939719852294942,172.26439257141095,31.77228614110373,77102.78693711074
LANDSAT_5_2004-02-05,14971.8056481813,12321.026537969265,77.03386006408678,1054.842887248543,1289.084989895637,229.81737300414994,77102.78693711074
LANDSAT_5_2004-07-30,15767.08435784201,15765.572888191131,0.008996853637695312,0.12595553955078126,1.349526765136718,0.026990492553710936,77102.78693711074
LANDSAT_5_2004-08-31,15831.802417387109,15831.802417387109,0.0,0.0,0.0,0.0,77102.78693711074
LANDSAT_5_2005-02-07,15707.53566424007,15707.53566424007,0.0,0.0,0.0,0.0,77102.78693711074
LANDSAT_5_2008-04-20,15777.484478711429,15777.484478711429,0.0,0.0,0.0,0.0,77102.78693711074
LANDSAT_5_2009-10-16,15675.908308971342,15017.996178476136,109.3248040922518,16.746024888808297,409.72097499977076,122.12032651439549,77102.78693711074
LANDSAT_5_2009-11-01,15803.82961916293,14674.30664796102,497.71865752110534,60.166585509707815,437.8140970913819,133.8236310793411,77102.78693711074
